DATAFLOW,LAST UPDATE,freq,c_resid,unit,hotelsize,geo,TIME_PERIOD,OBS_VALUE,OBS_FLAG
ESTAT:TOUR_OCC_NINATS(1.0),30/11/23 23:00:00,A,TOTAL,NR,TOTAL,AT,2012,85121684,
ESTAT:TOUR_OCC_NINATS(1.0),30/11/23 23:00:00,A,TOTAL,NR,TOTAL,AT,2013,85772040,
ESTAT:TOUR_OCC_NINATS(1.0),30/11/23 23:00:00,A,TOTAL,NR,TOTAL,AT,2014,85311355,
ESTAT:TOUR_OCC_NINATS(1.0),30/11/23 23:00:00,A,TOTAL,NR,TOTAL,AT,2015,87266234,
ESTAT:TOUR_OCC_NINATS(1.0),30/11/23 23:00:00,A,TOTAL,NR,TOTAL,AT,2016,90084612,
ESTAT:TOUR_OCC_NINATS(1.0),30/11/23 23:00:00,A,TOTAL,NR,TOTAL,AT,2017,91612341,
ESTAT:TOUR_OCC_NINATS(1.0),30/11/23 23:00:00,A,TOTAL,NR,TOTAL,AT,2018,93890819,
ESTAT:TOUR_OCC_NINATS(1.0),30/11/23 23:00:00,A,TOTAL,NR,TOTAL,AT,2019,95267629,
ESTAT:TOUR_OCC_NINATS(1.0),30/11/23 23:00:00,A,TOTAL,NR,TOTAL,AT,2020,55632180,
ESTAT:TOUR_OCC_NINATS(1.0),30/11/23 23:00:00,A,TOTAL,NR,TOTAL,AT,2021,46563293,
ESTAT:TOUR_OCC_NINATS(1.0),30/11/23 23:00:00,A,TOTAL,NR,TOTAL,AT,2022,82394651,
ESTAT:TOUR_OCC_NINATS(1.0),30/11/23 23:00:00,A,TOTAL,NR,TOTAL,BE,2012,17874797,
ESTAT:TOUR_OCC_NINATS(1.0),30/11/23 23:00:00,A,TOTAL,NR,TOTAL,BE,2013,18149913,
ESTAT:TOUR_OCC_NINATS(1.0),30/11/23 23:00:00,A,TOTAL,NR,TOTAL,BE,2014,19007946,
ESTAT:TOUR_OCC_NINATS(1.0),30/11/23 23:00:00,A,TOTAL,NR,TOTAL,BE,2015,19082399,
ESTAT:TOUR_OCC_NINATS(1.0),30/11/23 23:00:00,A,TOTAL,NR,TOTAL,BE,2016,17183395,
ESTAT:TOUR_OCC_NINATS(1.0),30/11/23 23:00:00,A,TOTAL,NR,TOTAL,BE,2017,18944870,
ESTAT:TOUR_OCC_NINATS(1.0),30/11/23 23:00:00,A,TOTAL,NR,TOTAL,BE,2018,20282489,
ESTAT:TOUR_OCC_NINATS(1.0),30/11/23 23:00:00,A,TOTAL,NR,TOTAL,BE,2019,20794744,
ESTAT:TOUR_OCC_NINATS(1.0),30/11/23 23:00:00,A,TOTAL,NR,TOTAL,BE,2020,7722771,
ESTAT:TOUR_OCC_NINATS(1.0),30/11/23 23:00:00,A,TOTAL,NR,TOTAL,BE,2021,10900348,
ESTAT:TOUR_OCC_NINATS(1.0),30/11/23 23:00:00,A,TOTAL,NR,TOTAL,BE,2022,19336767,
ESTAT:TOUR_OCC_NINATS(1.0),30/11/23 23:00:00,A,TOTAL,NR,TOTAL,BG,2012,18682232,
ESTAT:TOUR_OCC_NINATS(1.0),30/11/23 23:00:00,A,TOTAL,NR,TOTAL,BG,2013,19914364,
ESTAT:TOUR_OCC_NINATS(1.0),30/11/23 23:00:00,A,TOTAL,NR,TOTAL,BG,2014,19983192,
ESTAT:TOUR_OCC_NINATS(1.0),30/11/23 23:00:00,A,TOTAL,NR,TOTAL,BG,2015,19655141,
ESTAT:TOUR_OCC_NINATS(1.0),30/11/23 23:00:00,A,TOTAL,NR,TOTAL,BG,2016,23319531,
ESTAT:TOUR_OCC_NINATS(1.0),30/11/23 23:00:00,A,TOTAL,NR,TOTAL,BG,2017,24071291,
ESTAT:TOUR_OCC_NINATS(1.0),30/11/23 23:00:00,A,TOTAL,NR,TOTAL,BG,2018,24749821,
ESTAT:TOUR_OCC_NINATS(1.0),30/11/23 23:00:00,A,TOTAL,NR,TOTAL,BG,2019,24922811,
ESTAT:TOUR_OCC_NINATS(1.0),30/11/23 23:00:00,A,TOTAL,NR,TOTAL,BG,2020,10523473,
ESTAT:TOUR_OCC_NINATS(1.0),30/11/23 23:00:00,A,TOTAL,NR,TOTAL,BG,2021,15888699,
ESTAT:TOUR_OCC_NINATS(1.0),30/11/23 23:00:00,A,TOTAL,NR,TOTAL,BG,2022,22116958,
ESTAT:TOUR_OCC_NINATS(1.0),30/11/23 23:00:00,A,TOTAL,NR,TOTAL,CY,2012,14546723,
ESTAT:TOUR_OCC_NINATS(1.0),30/11/23 23:00:00,A,TOTAL,NR,TOTAL,CY,2013,14022197,
ESTAT:TOUR_OCC_NINATS(1.0),30/11/23 23:00:00,A,TOTAL,NR,TOTAL,CY,2014,13689509,
ESTAT:TOUR_OCC_NINATS(1.0),30/11/23 23:00:00,A,TOTAL,NR,TOTAL,CY,2015,13371967,
ESTAT:TOUR_OCC_NINATS(1.0),30/11/23 23:00:00,A,TOTAL,NR,TOTAL,CY,2016,15347243,
ESTAT:TOUR_OCC_NINATS(1.0),30/11/23 23:00:00,A,TOTAL,NR,TOTAL,CY,2017,16775825,
ESTAT:TOUR_OCC_NINATS(1.0),30/11/23 23:00:00,A,TOTAL,NR,TOTAL,CY,2018,17161870,
ESTAT:TOUR_OCC_NINATS(1.0),30/11/23 23:00:00,A,TOTAL,NR,TOTAL,CY,2019,17571292,
ESTAT:TOUR_OCC_NINATS(1.0),30/11/23 23:00:00,A,TOTAL,NR,TOTAL,CY,2020,3725254,
ESTAT:TOUR_OCC_NINATS(1.0),30/11/23 23:00:00,A,TOTAL,NR,TOTAL,CY,2021,9741618,
ESTAT:TOUR_OCC_NINATS(1.0),30/11/23 23:00:00,A,TOTAL,NR,TOTAL,CY,2022,14240336,
ESTAT:TOUR_OCC_NINATS(1.0),30/11/23 23:00:00,A,TOTAL,NR,TOTAL,CZ,2012,31846123,
ESTAT:TOUR_OCC_NINATS(1.0),30/11/23 23:00:00,A,TOTAL,NR,TOTAL,CZ,2013,31896519,
ESTAT:TOUR_OCC_NINATS(1.0),30/11/23 23:00:00,A,TOTAL,NR,TOTAL,CZ,2014,31686694,
ESTAT:TOUR_OCC_NINATS(1.0),30/11/23 23:00:00,A,TOTAL,NR,TOTAL,CZ,2015,34260442,
ESTAT:TOUR_OCC_NINATS(1.0),30/11/23 23:00:00,A,TOTAL,NR,TOTAL,CZ,2016,36492739,
ESTAT:TOUR_OCC_NINATS(1.0),30/11/23 23:00:00,A,TOTAL,NR,TOTAL,CZ,2017,39590202,
ESTAT:TOUR_OCC_NINATS(1.0),30/11/23 23:00:00,A,TOTAL,NR,TOTAL,CZ,2018,40942418,
ESTAT:TOUR_OCC_NINATS(1.0),30/11/23 23:00:00,A,TOTAL,NR,TOTAL,CZ,2019,42008870,
ESTAT:TOUR_OCC_NINATS(1.0),30/11/23 23:00:00,A,TOTAL,NR,TOTAL,CZ,2020,20377563,
ESTAT:TOUR_OCC_NINATS(1.0),30/11/23 23:00:00,A,TOTAL,NR,TOTAL,CZ,2021,21800455,
ESTAT:TOUR_OCC_NINATS(1.0),30/11/23 23:00:00,A,TOTAL,NR,TOTAL,CZ,2022,37889568,
ESTAT:TOUR_OCC_NINATS(1.0),30/11/23 23:00:00,A,TOTAL,NR,TOTAL,DE,2012,250090725,
ESTAT:TOUR_OCC_NINATS(1.0),30/11/23 23:00:00,A,TOTAL,NR,TOTAL,DE,2013,254821434,
ESTAT:TOUR_OCC_NINATS(1.0),30/11/23 23:00:00,A,TOTAL,NR,TOTAL,DE,2014,263158333,
ESTAT:TOUR_OCC_NINATS(1.0),30/11/23 23:00:00,A,TOTAL,NR,TOTAL,DE,2015,272017614,
ESTAT:TOUR_OCC_NINATS(1.0),30/11/23 23:00:00,A,TOTAL,NR,TOTAL,DE,2016,279596765,
ESTAT:TOUR_OCC_NINATS(1.0),30/11/23 23:00:00,A,TOTAL,NR,TOTAL,DE,2017,288759266,
ESTAT:TOUR_OCC_NINATS(1.0),30/11/23 23:00:00,A,TOTAL,NR,TOTAL,DE,2018,297554891,
ESTAT:TOUR_OCC_NINATS(1.0),30/11/23 23:00:00,A,TOTAL,NR,TOTAL,DE,2019,306848903,
ESTAT:TOUR_OCC_NINATS(1.0),30/11/23 23:00:00,A,TOTAL,NR,TOTAL,DE,2020,164329578,
ESTAT:TOUR_OCC_NINATS(1.0),30/11/23 23:00:00,A,TOTAL,NR,TOTAL,DE,2021,168163996,
ESTAT:TOUR_OCC_NINATS(1.0),30/11/23 23:00:00,A,TOTAL,NR,TOTAL,DE,2022,268539112,
ESTAT:TOUR_OCC_NINATS(1.0),30/11/23 23:00:00,A,TOTAL,NR,TOTAL,DK,2012,12400183,
ESTAT:TOUR_OCC_NINATS(1.0),30/11/23 23:00:00,A,TOTAL,NR,TOTAL,DK,2013,12881674,
ESTAT:TOUR_OCC_NINATS(1.0),30/11/23 23:00:00,A,TOTAL,NR,TOTAL,DK,2014,13780467,
ESTAT:TOUR_OCC_NINATS(1.0),30/11/23 23:00:00,A,TOTAL,NR,TOTAL,DK,2015,14402049,
ESTAT:TOUR_OCC_NINATS(1.0),30/11/23 23:00:00,A,TOTAL,NR,TOTAL,DK,2016,15008216,
ESTAT:TOUR_OCC_NINATS(1.0),30/11/23 23:00:00,A,TOTAL,NR,TOTAL,DK,2017,15546971,
ESTAT:TOUR_OCC_NINATS(1.0),30/11/23 23:00:00,A,TOTAL,NR,TOTAL,DK,2018,16076435,
ESTAT:TOUR_OCC_NINATS(1.0),30/11/23 23:00:00,A,TOTAL,NR,TOTAL,DK,2019,17067618,
ESTAT:TOUR_OCC_NINATS(1.0),30/11/23 23:00:00,A,TOTAL,NR,TOTAL,DK,2020,8766549,
ESTAT:TOUR_OCC_NINATS(1.0),30/11/23 23:00:00,A,TOTAL,NR,TOTAL,DK,2021,11638743,
ESTAT:TOUR_OCC_NINATS(1.0),30/11/23 23:00:00,A,TOTAL,NR,TOTAL,DK,2022,18469944,
ESTAT:TOUR_OCC_NINATS(1.0),30/11/23 23:00:00,A,TOTAL,NR,TOTAL,EE,2012,4649250,
ESTAT:TOUR_OCC_NINATS(1.0),30/11/23 23:00:00,A,TOTAL,NR,TOTAL,EE,2013,4757244,
ESTAT:TOUR_OCC_NINATS(1.0),30/11/23 23:00:00,A,TOTAL,NR,TOTAL,EE,2014,4805892,
ESTAT:TOUR_OCC_NINATS(1.0),30/11/23 23:00:00,A,TOTAL,NR,TOTAL,EE,2015,4747051,
ESTAT:TOUR_OCC_NINATS(1.0),30/11/23 23:00:00,A,TOTAL,NR,TOTAL,EE,2016,5054025,
ESTAT:TOUR_OCC_NINATS(1.0),30/11/23 23:00:00,A,TOTAL,NR,TOTAL,EE,2017,5267045,
ESTAT:TOUR_OCC_NINATS(1.0),30/11/23 23:00:00,A,TOTAL,NR,TOTAL,EE,2018,5328351,
ESTAT:TOUR_OCC_NINATS(1.0),30/11/23 23:00:00,A,TOTAL,NR,TOTAL,EE,2019,5541070,
ESTAT:TOUR_OCC_NINATS(1.0),30/11/23 23:00:00,A,TOTAL,NR,TOTAL,EE,2020,2781912,
ESTAT:TOUR_OCC_NINATS(1.0),30/11/23 23:00:00,A,TOTAL,NR,TOTAL,EE,2021,2979227,
ESTAT:TOUR_OCC_NINATS(1.0),30/11/23 23:00:00,A,TOTAL,NR,TOTAL,EE,2022,4674206,
ESTAT:TOUR_OCC_NINATS(1.0),30/11/23 23:00:00,A,TOTAL,NR,TOTAL,EL,2012,63054739,
ESTAT:TOUR_OCC_NINATS(1.0),30/11/23 23:00:00,A,TOTAL,NR,TOTAL,EL,2013,70065554,
ESTAT:TOUR_OCC_NINATS(1.0),30/11/23 23:00:00,A,TOTAL,NR,TOTAL,EL,2014,73951641,
ESTAT:TOUR_OCC_NINATS(1.0),30/11/23 23:00:00,A,TOTAL,NR,TOTAL,EL,2015,76772113,
ESTAT:TOUR_OCC_NINATS(1.0),30/11/23 23:00:00,A,TOTAL,NR,TOTAL,EL,2016,79885024,
ESTAT:TOUR_OCC_NINATS(1.0),30/11/23 23:00:00,A,TOTAL,NR,TOTAL,EL,2017,87628373,
ESTAT:TOUR_OCC_NINATS(1.0),30/11/23 23:00:00,A,TOTAL,NR,TOTAL,EL,2018,109458724,
ESTAT:TOUR_OCC_NINATS(1.0),30/11/23 23:00:00,A,TOTAL,NR,TOTAL,EL,2019,109206980,
ESTAT:TOUR_OCC_NINATS(1.0),30/11/23 23:00:00,A,TOTAL,NR,TOTAL,EL,2020,30376164,
ESTAT:TOUR_OCC_NINATS(1.0),30/11/23 23:00:00,A,TOTAL,NR,TOTAL,EL,2021,58344644,
ESTAT:TOUR_OCC_NINATS(1.0),30/11/23 23:00:00,A,TOTAL,NR,TOTAL,EL,2022,101901023,
ESTAT:TOUR_OCC_NINATS(1.0),30/11/23 23:00:00,A,TOTAL,NR,TOTAL,ES,2012,280659549,
ESTAT:TOUR_OCC_NINATS(1.0),30/11/23 23:00:00,A,TOTAL,NR,TOTAL,ES,2013,286030160,
ESTAT:TOUR_OCC_NINATS(1.0),30/11/23 23:00:00,A,TOTAL,NR,TOTAL,ES,2014,295260630,
ESTAT:TOUR_OCC_NINATS(1.0),30/11/23 23:00:00,A,TOTAL,NR,TOTAL,ES,2015,308235728,
ESTAT:TOUR_OCC_NINATS(1.0),30/11/23 23:00:00,A,TOTAL,NR,TOTAL,ES,2016,331168945,
ESTAT:TOUR_OCC_NINATS(1.0),30/11/23 23:00:00,A,TOTAL,NR,TOTAL,ES,2017,340577818,
ESTAT:TOUR_OCC_NINATS(1.0),30/11/23 23:00:00,A,TOTAL,NR,TOTAL,ES,2018,339980928,
ESTAT:TOUR_OCC_NINATS(1.0),30/11/23 23:00:00,A,TOTAL,NR,TOTAL,ES,2019,342995595,
ESTAT:TOUR_OCC_NINATS(1.0),30/11/23 23:00:00,A,TOTAL,NR,TOTAL,ES,2020,92223038,
ESTAT:TOUR_OCC_NINATS(1.0),30/11/23 23:00:00,A,TOTAL,NR,TOTAL,ES,2021,172806694,
ESTAT:TOUR_OCC_NINATS(1.0),30/11/23 23:00:00,A,TOTAL,NR,TOTAL,ES,2022,320366108,
ESTAT:TOUR_OCC_NINATS(1.0),30/11/23 23:00:00,A,TOTAL,NR,TOTAL,FI,2012,16666515,
ESTAT:TOUR_OCC_NINATS(1.0),30/11/23 23:00:00,A,TOTAL,NR,TOTAL,FI,2013,16361416,
ESTAT:TOUR_OCC_NINATS(1.0),30/11/23 23:00:00,A,TOTAL,NR,TOTAL,FI,2014,15965905,
ESTAT:TOUR_OCC_NINATS(1.0),30/11/23 23:00:00,A,TOTAL,NR,TOTAL,FI,2015,16141102,
ESTAT:TOUR_OCC_NINATS(1.0),30/11/23 23:00:00,A,TOTAL,NR,TOTAL,FI,2016,16628662,
ESTAT:TOUR_OCC_NINATS(1.0),30/11/23 23:00:00,A,TOTAL,NR,TOTAL,FI,2017,17779519,
ESTAT:TOUR_OCC_NINATS(1.0),30/11/23 23:00:00,A,TOTAL,NR,TOTAL,FI,2018,18001174,
ESTAT:TOUR_OCC_NINATS(1.0),30/11/23 23:00:00,A,TOTAL,NR,TOTAL,FI,2019,18759853,
ESTAT:TOUR_OCC_NINATS(1.0),30/11/23 23:00:00,A,TOTAL,NR,TOTAL,FI,2020,10703759,
ESTAT:TOUR_OCC_NINATS(1.0),30/11/23 23:00:00,A,TOTAL,NR,TOTAL,FI,2021,13288632,
ESTAT:TOUR_OCC_NINATS(1.0),30/11/23 23:00:00,A,TOTAL,NR,TOTAL,FI,2022,17817279,
ESTAT:TOUR_OCC_NINATS(1.0),30/11/23 23:00:00,A,TOTAL,NR,TOTAL,FR,2012,201900781,
ESTAT:TOUR_OCC_NINATS(1.0),30/11/23 23:00:00,A,TOTAL,NR,TOTAL,FR,2013,205100470,
ESTAT:TOUR_OCC_NINATS(1.0),30/11/23 23:00:00,A,TOTAL,NR,TOTAL,FR,2014,201894087,
ESTAT:TOUR_OCC_NINATS(1.0),30/11/23 23:00:00,A,TOTAL,NR,TOTAL,FR,2015,205666832,
ESTAT:TOUR_OCC_NINATS(1.0),30/11/23 23:00:00,A,TOTAL,NR,TOTAL,FR,2016,203877048,
ESTAT:TOUR_OCC_NINATS(1.0),30/11/23 23:00:00,A,TOTAL,NR,TOTAL,FR,2017,214274813,
ESTAT:TOUR_OCC_NINATS(1.0),30/11/23 23:00:00,A,TOTAL,NR,TOTAL,FR,2018,219468088,
ESTAT:TOUR_OCC_NINATS(1.0),30/11/23 23:00:00,A,TOTAL,NR,TOTAL,FR,2019,219255965,
ESTAT:TOUR_OCC_NINATS(1.0),30/11/23 23:00:00,A,TOTAL,NR,TOTAL,FR,2020,106872856,e
ESTAT:TOUR_OCC_NINATS(1.0),30/11/23 23:00:00,A,TOTAL,NR,TOTAL,FR,2021,137468675,e
ESTAT:TOUR_OCC_NINATS(1.0),30/11/23 23:00:00,A,TOTAL,NR,TOTAL,FR,2022,211765254,
ESTAT:TOUR_OCC_NINATS(1.0),30/11/23 23:00:00,A,TOTAL,NR,TOTAL,HR,2012,21137979,b
ESTAT:TOUR_OCC_NINATS(1.0),30/11/23 23:00:00,A,TOTAL,NR,TOTAL,HR,2013,21093536,
ESTAT:TOUR_OCC_NINATS(1.0),30/11/23 23:00:00,A,TOTAL,NR,TOTAL,HR,2014,21004062,
ESTAT:TOUR_OCC_NINATS(1.0),30/11/23 23:00:00,A,TOTAL,NR,TOTAL,HR,2015,22156344,
ESTAT:TOUR_OCC_NINATS(1.0),30/11/23 23:00:00,A,TOTAL,NR,TOTAL,HR,2016,23262846,
ESTAT:TOUR_OCC_NINATS(1.0),30/11/23 23:00:00,A,TOTAL,NR,TOTAL,HR,2017,24536542,
ESTAT:TOUR_OCC_NINATS(1.0),30/11/23 23:00:00,A,TOTAL,NR,TOTAL,HR,2018,25339346,
ESTAT:TOUR_OCC_NINATS(1.0),30/11/23 23:00:00,A,TOTAL,NR,TOTAL,HR,2019,25904793,
ESTAT:TOUR_OCC_NINATS(1.0),30/11/23 23:00:00,A,TOTAL,NR,TOTAL,HR,2020,7000417,
ESTAT:TOUR_OCC_NINATS(1.0),30/11/23 23:00:00,A,TOTAL,NR,TOTAL,HR,2021,15705364,
ESTAT:TOUR_OCC_NINATS(1.0),30/11/23 23:00:00,A,TOTAL,NR,TOTAL,HR,2022,23028353,
ESTAT:TOUR_OCC_NINATS(1.0),30/11/23 23:00:00,A,TOTAL,NR,TOTAL,HU,2012,17997910,
ESTAT:TOUR_OCC_NINATS(1.0),30/11/23 23:00:00,A,TOTAL,NR,TOTAL,HU,2013,18964305,
ESTAT:TOUR_OCC_NINATS(1.0),30/11/23 23:00:00,A,TOTAL,NR,TOTAL,HU,2014,20072124,
ESTAT:TOUR_OCC_NINATS(1.0),30/11/23 23:00:00,A,TOTAL,NR,TOTAL,HU,2015,21218091,
ESTAT:TOUR_OCC_NINATS(1.0),30/11/23 23:00:00,A,TOTAL,NR,TOTAL,HU,2016,22738655,
ESTAT:TOUR_OCC_NINATS(1.0),30/11/23 23:00:00,A,TOTAL,NR,TOTAL,HU,2017,24306649,
ESTAT:TOUR_OCC_NINATS(1.0),30/11/23 23:00:00,A,TOTAL,NR,TOTAL,HU,2018,25395654,
ESTAT:TOUR_OCC_NINATS(1.0),30/11/23 23:00:00,A,TOTAL,NR,TOTAL,HU,2019,25807181,
ESTAT:TOUR_OCC_NINATS(1.0),30/11/23 23:00:00,A,TOTAL,NR,TOTAL,HU,2020,11002548,
ESTAT:TOUR_OCC_NINATS(1.0),30/11/23 23:00:00,A,TOTAL,NR,TOTAL,HU,2021,12839592,
ESTAT:TOUR_OCC_NINATS(1.0),30/11/23 23:00:00,A,TOTAL,NR,TOTAL,HU,2022,22419538,
ESTAT:TOUR_OCC_NINATS(1.0),30/11/23 23:00:00,A,TOTAL,NR,TOTAL,IE,2012,23860267,e
ESTAT:TOUR_OCC_NINATS(1.0),30/11/23 23:00:00,A,TOTAL,NR,TOTAL,IE,2013,23384649,e
ESTAT:TOUR_OCC_NINATS(1.0),30/11/23 23:00:00,A,TOTAL,NR,TOTAL,IE,2014,23782525,e
ESTAT:TOUR_OCC_NINATS(1.0),30/11/23 23:00:00,A,TOTAL,NR,TOTAL,IE,2015,25445116,e
ESTAT:TOUR_OCC_NINATS(1.0),30/11/23 23:00:00,A,TOTAL,NR,TOTAL,IE,2016,26264513,e
ESTAT:TOUR_OCC_NINATS(1.0),30/11/23 23:00:00,A,TOTAL,NR,TOTAL,IE,2018,29402095,e
ESTAT:TOUR_OCC_NINATS(1.0),30/11/23 23:00:00,A,TOTAL,NR,TOTAL,IE,2019,29530645,e
ESTAT:TOUR_OCC_NINATS(1.0),30/11/23 23:00:00,A,TOTAL,NR,TOTAL,IE,2020,8867873,e
ESTAT:TOUR_OCC_NINATS(1.0),30/11/23 23:00:00,A,TOTAL,NR,TOTAL,IE,2021,7689927,e
ESTAT:TOUR_OCC_NINATS(1.0),30/11/23 23:00:00,A,TOTAL,NR,TOTAL,IE,2022,20606625,
ESTAT:TOUR_OCC_NINATS(1.0),30/11/23 23:00:00,A,TOTAL,NR,TOTAL,IT,2012,255610143,
ESTAT:TOUR_OCC_NINATS(1.0),30/11/23 23:00:00,A,TOTAL,NR,TOTAL,IT,2013,254759348,
ESTAT:TOUR_OCC_NINATS(1.0),30/11/23 23:00:00,A,TOTAL,NR,TOTAL,IT,2014,254941435,
ESTAT:TOUR_OCC_NINATS(1.0),30/11/23 23:00:00,A,TOTAL,NR,TOTAL,IT,2015,263009954,
ESTAT:TOUR_OCC_NINATS(1.0),30/11/23 23:00:00,A,TOTAL,NR,TOTAL,IT,2016,267675213,
ESTAT:TOUR_OCC_NINATS(1.0),30/11/23 23:00:00,A,TOTAL,NR,TOTAL,IT,2017,275133547,
ESTAT:TOUR_OCC_NINATS(1.0),30/11/23 23:00:00,A,TOTAL,NR,TOTAL,IT,2018,279470236,
ESTAT:TOUR_OCC_NINATS(1.0),30/11/23 23:00:00,A,TOTAL,NR,TOTAL,IT,2019,280937897,
ESTAT:TOUR_OCC_NINATS(1.0),30/11/23 23:00:00,A,TOTAL,NR,TOTAL,IT,2020,123266144,
ESTAT:TOUR_OCC_NINATS(1.0),30/11/23 23:00:00,A,TOTAL,NR,TOTAL,IT,2021,169536228,
ESTAT:TOUR_OCC_NINATS(1.0),30/11/23 23:00:00,A,TOTAL,NR,TOTAL,IT,2022,252663840,
ESTAT:TOUR_OCC_NINATS(1.0),30/11/23 23:00:00,A,TOTAL,NR,TOTAL,LT,2012,3170195,
ESTAT:TOUR_OCC_NINATS(1.0),30/11/23 23:00:00,A,TOTAL,NR,TOTAL,LT,2013,3399515,
ESTAT:TOUR_OCC_NINATS(1.0),30/11/23 23:00:00,A,TOTAL,NR,TOTAL,LT,2014,3543426,
ESTAT:TOUR_OCC_NINATS(1.0),30/11/23 23:00:00,A,TOTAL,NR,TOTAL,LT,2015,3613389,
ESTAT:TOUR_OCC_NINATS(1.0),30/11/23 23:00:00,A,TOTAL,NR,TOTAL,LT,2016,3835278,
ESTAT:TOUR_OCC_NINATS(1.0),30/11/23 23:00:00,A,TOTAL,NR,TOTAL,LT,2017,4080752,
ESTAT:TOUR_OCC_NINATS(1.0),30/11/23 23:00:00,A,TOTAL,NR,TOTAL,LT,2018,4440419,
ESTAT:TOUR_OCC_NINATS(1.0),30/11/23 23:00:00,A,TOTAL,NR,TOTAL,LT,2019,4818166,
ESTAT:TOUR_OCC_NINATS(1.0),30/11/23 23:00:00,A,TOTAL,NR,TOTAL,LT,2020,2359904,
ESTAT:TOUR_OCC_NINATS(1.0),30/11/23 23:00:00,A,TOTAL,NR,TOTAL,LT,2021,2782880,
ESTAT:TOUR_OCC_NINATS(1.0),30/11/23 23:00:00,A,TOTAL,NR,TOTAL,LT,2022,4502607,
ESTAT:TOUR_OCC_NINATS(1.0),30/11/23 23:00:00,A,TOTAL,NR,TOTAL,LU,2012,1541786,b
ESTAT:TOUR_OCC_NINATS(1.0),30/11/23 23:00:00,A,TOTAL,NR,TOTAL,LU,2013,1569926,
ESTAT:TOUR_OCC_NINATS(1.0),30/11/23 23:00:00,A,TOTAL,NR,TOTAL,LU,2014,1698773,
ESTAT:TOUR_OCC_NINATS(1.0),30/11/23 23:00:00,A,TOTAL,NR,TOTAL,LU,2015,1738110,
ESTAT:TOUR_OCC_NINATS(1.0),30/11/23 23:00:00,A,TOTAL,NR,TOTAL,LU,2016,1753464,
ESTAT:TOUR_OCC_NINATS(1.0),30/11/23 23:00:00,A,TOTAL,NR,TOTAL,LU,2017,1693749,
ESTAT:TOUR_OCC_NINATS(1.0),30/11/23 23:00:00,A,TOTAL,NR,TOTAL,LU,2018,1714113,
ESTAT:TOUR_OCC_NINATS(1.0),30/11/23 23:00:00,A,TOTAL,NR,TOTAL,LU,2019,1654054,
ESTAT:TOUR_OCC_NINATS(1.0),30/11/23 23:00:00,A,TOTAL,NR,TOTAL,LU,2020,840359,
ESTAT:TOUR_OCC_NINATS(1.0),30/11/23 23:00:00,A,TOTAL,NR,TOTAL,LU,2021,1032999,
ESTAT:TOUR_OCC_NINATS(1.0),30/11/23 23:00:00,A,TOTAL,NR,TOTAL,LU,2022,1596490,
ESTAT:TOUR_OCC_NINATS(1.0),30/11/23 23:00:00,A,TOTAL,NR,TOTAL,LV,2012,2842382,b
ESTAT:TOUR_OCC_NINATS(1.0),30/11/23 23:00:00,A,TOTAL,NR,TOTAL,LV,2013,2954395,
ESTAT:TOUR_OCC_NINATS(1.0),30/11/23 23:00:00,A,TOTAL,NR,TOTAL,LV,2014,3307837,
ESTAT:TOUR_OCC_NINATS(1.0),30/11/23 23:00:00,A,TOTAL,NR,TOTAL,LV,2015,3374068,
ESTAT:TOUR_OCC_NINATS(1.0),30/11/23 23:00:00,A,TOTAL,NR,TOTAL,LV,2016,3547571,
ESTAT:TOUR_OCC_NINATS(1.0),30/11/23 23:00:00,A,TOTAL,NR,TOTAL,LV,2017,3845346,
ESTAT:TOUR_OCC_NINATS(1.0),30/11/23 23:00:00,A,TOTAL,NR,TOTAL,LV,2018,4216469,
ESTAT:TOUR_OCC_NINATS(1.0),30/11/23 23:00:00,A,TOTAL,NR,TOTAL,LV,2019,4318094,
ESTAT:TOUR_OCC_NINATS(1.0),30/11/23 23:00:00,A,TOTAL,NR,TOTAL,LV,2020,2007207,
ESTAT:TOUR_OCC_NINATS(1.0),30/11/23 23:00:00,A,TOTAL,NR,TOTAL,LV,2021,1742172,
ESTAT:TOUR_OCC_NINATS(1.0),30/11/23 23:00:00,A,TOTAL,NR,TOTAL,LV,2022,3016600,
ESTAT:TOUR_OCC_NINATS(1.0),30/11/23 23:00:00,A,TOTAL,NR,TOTAL,MT,2012,7676434,
ESTAT:TOUR_OCC_NINATS(1.0),30/11/23 23:00:00,A,TOTAL,NR,TOTAL,MT,2013,8265375,
ESTAT:TOUR_OCC_NINATS(1.0),30/11/23 23:00:00,A,TOTAL,NR,TOTAL,MT,2014,8532592,
ESTAT:TOUR_OCC_NINATS(1.0),30/11/23 23:00:00,A,TOTAL,NR,TOTAL,MT,2015,8673355,
ESTAT:TOUR_OCC_NINATS(1.0),30/11/23 23:00:00,A,TOTAL,NR,TOTAL,MT,2016,8700431,
ESTAT:TOUR_OCC_NINATS(1.0),30/11/23 23:00:00,A,TOTAL,NR,TOTAL,MT,2017,9309675,
ESTAT:TOUR_OCC_NINATS(1.0),30/11/23 23:00:00,A,TOTAL,NR,TOTAL,MT,2018,9802418,
ESTAT:TOUR_OCC_NINATS(1.0),30/11/23 23:00:00,A,TOTAL,NR,TOTAL,MT,2019,9600059,
ESTAT:TOUR_OCC_NINATS(1.0),30/11/23 23:00:00,A,TOTAL,NR,TOTAL,MT,2020,2850317,
ESTAT:TOUR_OCC_NINATS(1.0),30/11/23 23:00:00,A,TOTAL,NR,TOTAL,MT,2021,4515429,
ESTAT:TOUR_OCC_NINATS(1.0),30/11/23 23:00:00,A,TOTAL,NR,TOTAL,MT,2022,8023269,
ESTAT:TOUR_OCC_NINATS(1.0),30/11/23 23:00:00,A,TOTAL,NR,TOTAL,NL,2012,34975562,
ESTAT:TOUR_OCC_NINATS(1.0),30/11/23 23:00:00,A,TOTAL,NR,TOTAL,NL,2013,37389949,
ESTAT:TOUR_OCC_NINATS(1.0),30/11/23 23:00:00,A,TOTAL,NR,TOTAL,NL,2014,39863690,
ESTAT:TOUR_OCC_NINATS(1.0),30/11/23 23:00:00,A,TOTAL,NR,TOTAL,NL,2015,41617478,
ESTAT:TOUR_OCC_NINATS(1.0),30/11/23 23:00:00,A,TOTAL,NR,TOTAL,NL,2016,44589977,
ESTAT:TOUR_OCC_NINATS(1.0),30/11/23 23:00:00,A,TOTAL,NR,TOTAL,NL,2017,48872828,
ESTAT:TOUR_OCC_NINATS(1.0),30/11/23 23:00:00,A,TOTAL,NR,TOTAL,NL,2018,51610598,
ESTAT:TOUR_OCC_NINATS(1.0),30/11/23 23:00:00,A,TOTAL,NR,TOTAL,NL,2019,54402830,
ESTAT:TOUR_OCC_NINATS(1.0),30/11/23 23:00:00,A,TOTAL,NR,TOTAL,NL,2020,28745859,
ESTAT:TOUR_OCC_NINATS(1.0),30/11/23 23:00:00,A,TOTAL,NR,TOTAL,NL,2021,30865018,
ESTAT:TOUR_OCC_NINATS(1.0),30/11/23 23:00:00,A,TOTAL,NR,TOTAL,NL,2022,52784018,
ESTAT:TOUR_OCC_NINATS(1.0),30/11/23 23:00:00,A,TOTAL,NR,TOTAL,PL,2012,30890664,
ESTAT:TOUR_OCC_NINATS(1.0),30/11/23 23:00:00,A,TOTAL,NR,TOTAL,PL,2013,32734159,
ESTAT:TOUR_OCC_NINATS(1.0),30/11/23 23:00:00,A,TOTAL,NR,TOTAL,PL,2014,35649237,
ESTAT:TOUR_OCC_NINATS(1.0),30/11/23 23:00:00,A,TOTAL,NR,TOTAL,PL,2015,38804814,
ESTAT:TOUR_OCC_NINATS(1.0),30/11/23 23:00:00,A,TOTAL,NR,TOTAL,PL,2016,44323448,
ESTAT:TOUR_OCC_NINATS(1.0),30/11/23 23:00:00,A,TOTAL,NR,TOTAL,PL,2017,47137998,
ESTAT:TOUR_OCC_NINATS(1.0),30/11/23 23:00:00,A,TOTAL,NR,TOTAL,PL,2018,50429973,
ESTAT:TOUR_OCC_NINATS(1.0),30/11/23 23:00:00,A,TOTAL,NR,TOTAL,PL,2019,53717139,
ESTAT:TOUR_OCC_NINATS(1.0),30/11/23 23:00:00,A,TOTAL,NR,TOTAL,PL,2020,28295282,
ESTAT:TOUR_OCC_NINATS(1.0),30/11/23 23:00:00,A,TOTAL,NR,TOTAL,PL,2021,34891772,
ESTAT:TOUR_OCC_NINATS(1.0),30/11/23 23:00:00,A,TOTAL,NR,TOTAL,PL,2022,55235227,
ESTAT:TOUR_OCC_NINATS(1.0),30/11/23 23:00:00,A,TOTAL,NR,TOTAL,PT,2012,39681040,
ESTAT:TOUR_OCC_NINATS(1.0),30/11/23 23:00:00,A,TOTAL,NR,TOTAL,PT,2013,42507098,
ESTAT:TOUR_OCC_NINATS(1.0),30/11/23 23:00:00,A,TOTAL,NR,TOTAL,PT,2014,47450257,
ESTAT:TOUR_OCC_NINATS(1.0),30/11/23 23:00:00,A,TOTAL,NR,TOTAL,PT,2015,50627129,
ESTAT:TOUR_OCC_NINATS(1.0),30/11/23 23:00:00,A,TOTAL,NR,TOTAL,PT,2016,55258227,
ESTAT:TOUR_OCC_NINATS(1.0),30/11/23 23:00:00,A,TOTAL,NR,TOTAL,PT,2017,59534386,
ESTAT:TOUR_OCC_NINATS(1.0),30/11/23 23:00:00,A,TOTAL,NR,TOTAL,PT,2018,58700513,
ESTAT:TOUR_OCC_NINATS(1.0),30/11/23 23:00:00,A,TOTAL,NR,TOTAL,PT,2019,59946819,
ESTAT:TOUR_OCC_NINATS(1.0),30/11/23 23:00:00,A,TOTAL,NR,TOTAL,PT,2020,21496853,
ESTAT:TOUR_OCC_NINATS(1.0),30/11/23 23:00:00,A,TOTAL,NR,TOTAL,PT,2021,30408671,
ESTAT:TOUR_OCC_NINATS(1.0),30/11/23 23:00:00,A,TOTAL,NR,TOTAL,PT,2022,57469831,
ESTAT:TOUR_OCC_NINATS(1.0),30/11/23 23:00:00,A,TOTAL,NR,TOTAL,RO,2012,16502576,b
ESTAT:TOUR_OCC_NINATS(1.0),30/11/23 23:00:00,A,TOTAL,NR,TOTAL,RO,2013,16537621,
ESTAT:TOUR_OCC_NINATS(1.0),30/11/23 23:00:00,A,TOTAL,NR,TOTAL,RO,2014,17316583,
ESTAT:TOUR_OCC_NINATS(1.0),30/11/23 23:00:00,A,TOTAL,NR,TOTAL,RO,2015,19749508,
ESTAT:TOUR_OCC_NINATS(1.0),30/11/23 23:00:00,A,TOTAL,NR,TOTAL,RO,2016,21232963,
ESTAT:TOUR_OCC_NINATS(1.0),30/11/23 23:00:00,A,TOTAL,NR,TOTAL,RO,2017,22241911,
ESTAT:TOUR_OCC_NINATS(1.0),30/11/23 23:00:00,A,TOTAL,NR,TOTAL,RO,2018,23335367,
ESTAT:TOUR_OCC_NINATS(1.0),30/11/23 23:00:00,A,TOTAL,NR,TOTAL,RO,2019,24328701,
ESTAT:TOUR_OCC_NINATS(1.0),30/11/23 23:00:00,A,TOTAL,NR,TOTAL,RO,2020,11320880,
ESTAT:TOUR_OCC_NINATS(1.0),30/11/23 23:00:00,A,TOTAL,NR,TOTAL,RO,2021,16549952,
ESTAT:TOUR_OCC_NINATS(1.0),30/11/23 23:00:00,A,TOTAL,NR,TOTAL,RO,2022,22185186,
ESTAT:TOUR_OCC_NINATS(1.0),30/11/23 23:00:00,A,TOTAL,NR,TOTAL,SE,2012,28566091,
ESTAT:TOUR_OCC_NINATS(1.0),30/11/23 23:00:00,A,TOTAL,NR,TOTAL,SE,2013,29432574,
ESTAT:TOUR_OCC_NINATS(1.0),30/11/23 23:00:00,A,TOTAL,NR,TOTAL,SE,2014,31073612,
ESTAT:TOUR_OCC_NINATS(1.0),30/11/23 23:00:00,A,TOTAL,NR,TOTAL,SE,2015,33517878,
ESTAT:TOUR_OCC_NINATS(1.0),30/11/23 23:00:00,A,TOTAL,NR,TOTAL,SE,2016,35315426,
ESTAT:TOUR_OCC_NINATS(1.0),30/11/23 23:00:00,A,TOTAL,NR,TOTAL,SE,2017,36554108,
ESTAT:TOUR_OCC_NINATS(1.0),30/11/23 23:00:00,A,TOTAL,NR,TOTAL,SE,2018,37918304,
ESTAT:TOUR_OCC_NINATS(1.0),30/11/23 23:00:00,A,TOTAL,NR,TOTAL,SE,2019,39515192,
ESTAT:TOUR_OCC_NINATS(1.0),30/11/23 23:00:00,A,TOTAL,NR,TOTAL,SE,2020,22438150,
ESTAT:TOUR_OCC_NINATS(1.0),30/11/23 23:00:00,A,TOTAL,NR,TOTAL,SE,2021,29108968,
ESTAT:TOUR_OCC_NINATS(1.0),30/11/23 23:00:00,A,TOTAL,NR,TOTAL,SE,2022,39681368,
ESTAT:TOUR_OCC_NINATS(1.0),30/11/23 23:00:00,A,TOTAL,NR,TOTAL,SI,2012,6195576,
ESTAT:TOUR_OCC_NINATS(1.0),30/11/23 23:00:00,A,TOTAL,NR,TOTAL,SI,2013,6174738,
ESTAT:TOUR_OCC_NINATS(1.0),30/11/23 23:00:00,A,TOTAL,NR,TOTAL,SI,2014,6239202,
ESTAT:TOUR_OCC_NINATS(1.0),30/11/23 23:00:00,A,TOTAL,NR,TOTAL,SI,2015,6592149,
ESTAT:TOUR_OCC_NINATS(1.0),30/11/23 23:00:00,A,TOTAL,NR,TOTAL,SI,2016,7081194,
ESTAT:TOUR_OCC_NINATS(1.0),30/11/23 23:00:00,A,TOTAL,NR,TOTAL,SI,2017,7751074,
ESTAT:TOUR_OCC_NINATS(1.0),30/11/23 23:00:00,A,TOTAL,NR,TOTAL,SI,2019,8263114,
ESTAT:TOUR_OCC_NINATS(1.0),30/11/23 23:00:00,A,TOTAL,NR,TOTAL,SI,2020,4177459,
ESTAT:TOUR_OCC_NINATS(1.0),30/11/23 23:00:00,A,TOTAL,NR,TOTAL,SI,2021,5232813,
ESTAT:TOUR_OCC_NINATS(1.0),30/11/23 23:00:00,A,TOTAL,NR,TOTAL,SI,2022,7522378,
ESTAT:TOUR_OCC_NINATS(1.0),30/11/23 23:00:00,A,TOTAL,NR,TOTAL,SK,2012,7254352,
ESTAT:TOUR_OCC_NINATS(1.0),30/11/23 23:00:00,A,TOTAL,NR,TOTAL,SK,2013,7680041,
ESTAT:TOUR_OCC_NINATS(1.0),30/11/23 23:00:00,A,TOTAL,NR,TOTAL,SK,2014,7308975,
ESTAT:TOUR_OCC_NINATS(1.0),30/11/23 23:00:00,A,TOTAL,NR,TOTAL,SK,2015,8426569,
ESTAT:TOUR_OCC_NINATS(1.0),30/11/23 23:00:00,A,TOTAL,NR,TOTAL,SK,2016,9610588,
ESTAT:TOUR_OCC_NINATS(1.0),30/11/23 23:00:00,A,TOTAL,NR,TOTAL,SK,2017,10117733,
ESTAT:TOUR_OCC_NINATS(1.0),30/11/23 23:00:00,A,TOTAL,NR,TOTAL,SK,2018,10456538,
ESTAT:TOUR_OCC_NINATS(1.0),30/11/23 23:00:00,A,TOTAL,NR,TOTAL,SK,2019,11843846,
ESTAT:TOUR_OCC_NINATS(1.0),30/11/23 23:00:00,A,TOTAL,NR,TOTAL,SK,2020,6292550,
ESTAT:TOUR_OCC_NINATS(1.0),30/11/23 23:00:00,A,TOTAL,NR,TOTAL,SK,2021,5455390,
ESTAT:TOUR_OCC_NINATS(1.0),30/11/23 23:00:00,A,TOTAL,NR,TOTAL,SK,2022,9106169,
