DATAFLOW,LAST UPDATE,freq,tra_infr,n_tracks,unit,geo,TIME_PERIOD,OBS_VALUE,OBS_FLAG
ESTAT:TTR00003(1.0),19/12/23 23:00:00,A,TOTAL,TOTAL,KM,AT,2011,5500,
ESTAT:TTR00003(1.0),19/12/23 23:00:00,A,TOTAL,TOTAL,KM,AT,2012,5566,
ESTAT:TTR00003(1.0),19/12/23 23:00:00,A,TOTAL,TOTAL,KM,AT,2013,5531,
ESTAT:TTR00003(1.0),19/12/23 23:00:00,A,TOTAL,TOTAL,KM,AT,2014,5531,
ESTAT:TTR00003(1.0),19/12/23 23:00:00,A,TOTAL,TOTAL,KM,AT,2015,5522,
ESTAT:TTR00003(1.0),19/12/23 23:00:00,A,TOTAL,TOTAL,KM,AT,2016,5491,
ESTAT:TTR00003(1.0),19/12/23 23:00:00,A,TOTAL,TOTAL,KM,AT,2017,5527,
ESTAT:TTR00003(1.0),19/12/23 23:00:00,A,TOTAL,TOTAL,KM,AT,2018,5526,
ESTAT:TTR00003(1.0),19/12/23 23:00:00,A,TOTAL,TOTAL,KM,AT,2019,5615,
ESTAT:TTR00003(1.0),19/12/23 23:00:00,A,TOTAL,TOTAL,KM,AT,2020,5607,
ESTAT:TTR00003(1.0),19/12/23 23:00:00,A,TOTAL,TOTAL,KM,AT,2021,5603,
ESTAT:TTR00003(1.0),19/12/23 23:00:00,A,TOTAL,TOTAL,KM,AT,2022,5575,
ESTAT:TTR00003(1.0),19/12/23 23:00:00,A,TOTAL,TOTAL,KM,BE,2011,3587,
ESTAT:TTR00003(1.0),19/12/23 23:00:00,A,TOTAL,TOTAL,KM,BE,2012,3592,
ESTAT:TTR00003(1.0),19/12/23 23:00:00,A,TOTAL,TOTAL,KM,BE,2013,3595,
ESTAT:TTR00003(1.0),19/12/23 23:00:00,A,TOTAL,TOTAL,KM,BE,2014,3631,
ESTAT:TTR00003(1.0),19/12/23 23:00:00,A,TOTAL,TOTAL,KM,BE,2015,3607,
ESTAT:TTR00003(1.0),19/12/23 23:00:00,A,TOTAL,TOTAL,KM,BE,2016,3602,
ESTAT:TTR00003(1.0),19/12/23 23:00:00,A,TOTAL,TOTAL,KM,BE,2017,3605,
ESTAT:TTR00003(1.0),19/12/23 23:00:00,A,TOTAL,TOTAL,KM,BE,2018,3607,
ESTAT:TTR00003(1.0),19/12/23 23:00:00,A,TOTAL,TOTAL,KM,BE,2019,3614,
ESTAT:TTR00003(1.0),19/12/23 23:00:00,A,TOTAL,TOTAL,KM,BE,2020,3615,
ESTAT:TTR00003(1.0),19/12/23 23:00:00,A,TOTAL,TOTAL,KM,BE,2021,3612,
ESTAT:TTR00003(1.0),19/12/23 23:00:00,A,TOTAL,TOTAL,KM,BE,2022,3619,
ESTAT:TTR00003(1.0),19/12/23 23:00:00,A,TOTAL,TOTAL,KM,BG,2011,4072,
ESTAT:TTR00003(1.0),19/12/23 23:00:00,A,TOTAL,TOTAL,KM,BG,2012,4070,
ESTAT:TTR00003(1.0),19/12/23 23:00:00,A,TOTAL,TOTAL,KM,BG,2013,4032,
ESTAT:TTR00003(1.0),19/12/23 23:00:00,A,TOTAL,TOTAL,KM,BG,2014,4023,
ESTAT:TTR00003(1.0),19/12/23 23:00:00,A,TOTAL,TOTAL,KM,BG,2015,4019,
ESTAT:TTR00003(1.0),19/12/23 23:00:00,A,TOTAL,TOTAL,KM,BG,2016,4029,
ESTAT:TTR00003(1.0),19/12/23 23:00:00,A,TOTAL,TOTAL,KM,BG,2017,4030,
ESTAT:TTR00003(1.0),19/12/23 23:00:00,A,TOTAL,TOTAL,KM,BG,2018,4030,
ESTAT:TTR00003(1.0),19/12/23 23:00:00,A,TOTAL,TOTAL,KM,BG,2019,4030,
ESTAT:TTR00003(1.0),19/12/23 23:00:00,A,TOTAL,TOTAL,KM,BG,2020,4029,
ESTAT:TTR00003(1.0),19/12/23 23:00:00,A,TOTAL,TOTAL,KM,BG,2021,4031,
ESTAT:TTR00003(1.0),19/12/23 23:00:00,A,TOTAL,TOTAL,KM,BG,2022,4029,
ESTAT:TTR00003(1.0),19/12/23 23:00:00,A,TOTAL,TOTAL,KM,CZ,2011,9572,
ESTAT:TTR00003(1.0),19/12/23 23:00:00,A,TOTAL,TOTAL,KM,CZ,2012,9570,
ESTAT:TTR00003(1.0),19/12/23 23:00:00,A,TOTAL,TOTAL,KM,CZ,2013,9560,
ESTAT:TTR00003(1.0),19/12/23 23:00:00,A,TOTAL,TOTAL,KM,CZ,2014,9559,
ESTAT:TTR00003(1.0),19/12/23 23:00:00,A,TOTAL,TOTAL,KM,CZ,2015,9566,
ESTAT:TTR00003(1.0),19/12/23 23:00:00,A,TOTAL,TOTAL,KM,CZ,2016,9564,
ESTAT:TTR00003(1.0),19/12/23 23:00:00,A,TOTAL,TOTAL,KM,CZ,2017,9567,
ESTAT:TTR00003(1.0),19/12/23 23:00:00,A,TOTAL,TOTAL,KM,CZ,2018,9572,
ESTAT:TTR00003(1.0),19/12/23 23:00:00,A,TOTAL,TOTAL,KM,CZ,2019,9562,
ESTAT:TTR00003(1.0),19/12/23 23:00:00,A,TOTAL,TOTAL,KM,CZ,2020,9542,
ESTAT:TTR00003(1.0),19/12/23 23:00:00,A,TOTAL,TOTAL,KM,CZ,2021,9523,
ESTAT:TTR00003(1.0),19/12/23 23:00:00,A,TOTAL,TOTAL,KM,CZ,2022,9521,
ESTAT:TTR00003(1.0),19/12/23 23:00:00,A,TOTAL,TOTAL,KM,DE,2011,38712,
ESTAT:TTR00003(1.0),19/12/23 23:00:00,A,TOTAL,TOTAL,KM,DE,2012,38648,
ESTAT:TTR00003(1.0),19/12/23 23:00:00,A,TOTAL,TOTAL,KM,DE,2013,38653.801,
ESTAT:TTR00003(1.0),19/12/23 23:00:00,A,TOTAL,TOTAL,KM,DE,2014,38658.765,
ESTAT:TTR00003(1.0),19/12/23 23:00:00,A,TOTAL,TOTAL,KM,DE,2015,38630.502,
ESTAT:TTR00003(1.0),19/12/23 23:00:00,A,TOTAL,TOTAL,KM,DE,2016,38696.542,
ESTAT:TTR00003(1.0),19/12/23 23:00:00,A,TOTAL,TOTAL,KM,DE,2017,38802.643,
ESTAT:TTR00003(1.0),19/12/23 23:00:00,A,TOTAL,TOTAL,KM,DE,2018,38994.798,
ESTAT:TTR00003(1.0),19/12/23 23:00:00,A,TOTAL,TOTAL,KM,DE,2019,39068.117,
ESTAT:TTR00003(1.0),19/12/23 23:00:00,A,TOTAL,TOTAL,KM,DE,2020,38799.773,
ESTAT:TTR00003(1.0),19/12/23 23:00:00,A,TOTAL,TOTAL,KM,DE,2021,38783.143,
ESTAT:TTR00003(1.0),19/12/23 23:00:00,A,TOTAL,TOTAL,KM,DE,2022,38836.096,
ESTAT:TTR00003(1.0),19/12/23 23:00:00,A,TOTAL,TOTAL,KM,DK,2011,2615,s
ESTAT:TTR00003(1.0),19/12/23 23:00:00,A,TOTAL,TOTAL,KM,DK,2012,2615,s
ESTAT:TTR00003(1.0),19/12/23 23:00:00,A,TOTAL,TOTAL,KM,DK,2013,2615,
ESTAT:TTR00003(1.0),19/12/23 23:00:00,A,TOTAL,TOTAL,KM,DK,2014,2612,
ESTAT:TTR00003(1.0),19/12/23 23:00:00,A,TOTAL,TOTAL,KM,DK,2015,2552,
ESTAT:TTR00003(1.0),19/12/23 23:00:00,A,TOTAL,TOTAL,KM,DK,2016,2539,
ESTAT:TTR00003(1.0),19/12/23 23:00:00,A,TOTAL,TOTAL,KM,DK,2017,2481,
ESTAT:TTR00003(1.0),19/12/23 23:00:00,A,TOTAL,TOTAL,KM,DK,2018,2481,
ESTAT:TTR00003(1.0),19/12/23 23:00:00,A,TOTAL,TOTAL,KM,DK,2019,2536,
ESTAT:TTR00003(1.0),19/12/23 23:00:00,A,TOTAL,TOTAL,KM,DK,2020,2485,
ESTAT:TTR00003(1.0),19/12/23 23:00:00,A,TOTAL,TOTAL,KM,DK,2021,2485,
ESTAT:TTR00003(1.0),19/12/23 23:00:00,A,TOTAL,TOTAL,KM,DK,2022,2448,
ESTAT:TTR00003(1.0),19/12/23 23:00:00,A,TOTAL,TOTAL,KM,EE,2011,1196,
ESTAT:TTR00003(1.0),19/12/23 23:00:00,A,TOTAL,TOTAL,KM,EE,2012,1196,
ESTAT:TTR00003(1.0),19/12/23 23:00:00,A,TOTAL,TOTAL,KM,EE,2013,1166,
ESTAT:TTR00003(1.0),19/12/23 23:00:00,A,TOTAL,TOTAL,KM,EE,2014,1166,
ESTAT:TTR00003(1.0),19/12/23 23:00:00,A,TOTAL,TOTAL,KM,EE,2015,1164,
ESTAT:TTR00003(1.0),19/12/23 23:00:00,A,TOTAL,TOTAL,KM,EE,2016,1161,
ESTAT:TTR00003(1.0),19/12/23 23:00:00,A,TOTAL,TOTAL,KM,EE,2017,1161,
ESTAT:TTR00003(1.0),19/12/23 23:00:00,A,TOTAL,TOTAL,KM,EE,2018,1161,
ESTAT:TTR00003(1.0),19/12/23 23:00:00,A,TOTAL,TOTAL,KM,EE,2019,1167,
ESTAT:TTR00003(1.0),19/12/23 23:00:00,A,TOTAL,TOTAL,KM,EE,2020,1167,
ESTAT:TTR00003(1.0),19/12/23 23:00:00,A,TOTAL,TOTAL,KM,EE,2021,1167,
ESTAT:TTR00003(1.0),19/12/23 23:00:00,A,TOTAL,TOTAL,KM,EE,2022,1175,
ESTAT:TTR00003(1.0),19/12/23 23:00:00,A,TOTAL,TOTAL,KM,EL,2011,2554,
ESTAT:TTR00003(1.0),19/12/23 23:00:00,A,TOTAL,TOTAL,KM,EL,2012,2554,
ESTAT:TTR00003(1.0),19/12/23 23:00:00,A,TOTAL,TOTAL,KM,EL,2013,2586,
ESTAT:TTR00003(1.0),19/12/23 23:00:00,A,TOTAL,TOTAL,KM,EL,2014,2238,
ESTAT:TTR00003(1.0),19/12/23 23:00:00,A,TOTAL,TOTAL,KM,EL,2015,2240,
ESTAT:TTR00003(1.0),19/12/23 23:00:00,A,TOTAL,TOTAL,KM,EL,2016,2240,
ESTAT:TTR00003(1.0),19/12/23 23:00:00,A,TOTAL,TOTAL,KM,EL,2017,2240,
ESTAT:TTR00003(1.0),19/12/23 23:00:00,A,TOTAL,TOTAL,KM,EL,2018,2293,
ESTAT:TTR00003(1.0),19/12/23 23:00:00,A,TOTAL,TOTAL,KM,EL,2019,2280,
ESTAT:TTR00003(1.0),19/12/23 23:00:00,A,TOTAL,TOTAL,KM,EL,2020,2345,
ESTAT:TTR00003(1.0),19/12/23 23:00:00,A,TOTAL,TOTAL,KM,EL,2021,2339,
ESTAT:TTR00003(1.0),19/12/23 23:00:00,A,TOTAL,TOTAL,KM,EL,2022,1990,
ESTAT:TTR00003(1.0),19/12/23 23:00:00,A,TOTAL,TOTAL,KM,ES,2011,13945,
ESTAT:TTR00003(1.0),19/12/23 23:00:00,A,TOTAL,TOTAL,KM,ES,2012,13976,
ESTAT:TTR00003(1.0),19/12/23 23:00:00,A,TOTAL,TOTAL,KM,ES,2013,15312,b
ESTAT:TTR00003(1.0),19/12/23 23:00:00,A,TOTAL,TOTAL,KM,ES,2014,15182,
ESTAT:TTR00003(1.0),19/12/23 23:00:00,A,TOTAL,TOTAL,KM,ES,2015,15384,
ESTAT:TTR00003(1.0),19/12/23 23:00:00,A,TOTAL,TOTAL,KM,ES,2016,16167,
ESTAT:TTR00003(1.0),19/12/23 23:00:00,A,TOTAL,TOTAL,KM,ES,2017,15949,
ESTAT:TTR00003(1.0),19/12/23 23:00:00,A,TOTAL,TOTAL,KM,ES,2018,15449,
ESTAT:TTR00003(1.0),19/12/23 23:00:00,A,TOTAL,TOTAL,KM,ES,2019,16006.020,
ESTAT:TTR00003(1.0),19/12/23 23:00:00,A,TOTAL,TOTAL,KM,ES,2020,16135.360,
ESTAT:TTR00003(1.0),19/12/23 23:00:00,A,TOTAL,TOTAL,KM,ES,2021,16280.460,
ESTAT:TTR00003(1.0),19/12/23 23:00:00,A,TOTAL,TOTAL,KM,ES,2022,16468.426,
ESTAT:TTR00003(1.0),19/12/23 23:00:00,A,TOTAL,TOTAL,KM,FI,2011,5944,
ESTAT:TTR00003(1.0),19/12/23 23:00:00,A,TOTAL,TOTAL,KM,FI,2012,5944,
ESTAT:TTR00003(1.0),19/12/23 23:00:00,A,TOTAL,TOTAL,KM,FI,2013,5944,
ESTAT:TTR00003(1.0),19/12/23 23:00:00,A,TOTAL,TOTAL,KM,FI,2014,5944,
ESTAT:TTR00003(1.0),19/12/23 23:00:00,A,TOTAL,TOTAL,KM,FI,2015,5923,b
ESTAT:TTR00003(1.0),19/12/23 23:00:00,A,TOTAL,TOTAL,KM,FI,2016,5926,
ESTAT:TTR00003(1.0),19/12/23 23:00:00,A,TOTAL,TOTAL,KM,FI,2017,5926,
ESTAT:TTR00003(1.0),19/12/23 23:00:00,A,TOTAL,TOTAL,KM,FI,2018,5926,
ESTAT:TTR00003(1.0),19/12/23 23:00:00,A,TOTAL,TOTAL,KM,FI,2019,5923,
ESTAT:TTR00003(1.0),19/12/23 23:00:00,A,TOTAL,TOTAL,KM,FI,2020,5918,
ESTAT:TTR00003(1.0),19/12/23 23:00:00,A,TOTAL,TOTAL,KM,FI,2021,5918,
ESTAT:TTR00003(1.0),19/12/23 23:00:00,A,TOTAL,TOTAL,KM,FI,2022,5918,
ESTAT:TTR00003(1.0),19/12/23 23:00:00,A,TOTAL,TOTAL,KM,FR,2011,30637,s
ESTAT:TTR00003(1.0),19/12/23 23:00:00,A,TOTAL,TOTAL,KM,FR,2012,30814,s
ESTAT:TTR00003(1.0),19/12/23 23:00:00,A,TOTAL,TOTAL,KM,FR,2013,30551,s
ESTAT:TTR00003(1.0),19/12/23 23:00:00,A,TOTAL,TOTAL,KM,FR,2014,29568,s
ESTAT:TTR00003(1.0),19/12/23 23:00:00,A,TOTAL,TOTAL,KM,FR,2015,29041,s
ESTAT:TTR00003(1.0),19/12/23 23:00:00,A,TOTAL,TOTAL,KM,FR,2016,28597,s
ESTAT:TTR00003(1.0),19/12/23 23:00:00,A,TOTAL,TOTAL,KM,FR,2017,28987.367,s
ESTAT:TTR00003(1.0),19/12/23 23:00:00,A,TOTAL,TOTAL,KM,FR,2018,28461,s
ESTAT:TTR00003(1.0),19/12/23 23:00:00,A,TOTAL,TOTAL,KM,FR,2019,28350,s
ESTAT:TTR00003(1.0),19/12/23 23:00:00,A,TOTAL,TOTAL,KM,FR,2020,28080,s
ESTAT:TTR00003(1.0),19/12/23 23:00:00,A,TOTAL,TOTAL,KM,FR,2021,27924,s
ESTAT:TTR00003(1.0),19/12/23 23:00:00,A,TOTAL,TOTAL,KM,FR,2022,27812,s
ESTAT:TTR00003(1.0),19/12/23 23:00:00,A,TOTAL,TOTAL,KM,HR,2011,2722,
ESTAT:TTR00003(1.0),19/12/23 23:00:00,A,TOTAL,TOTAL,KM,HR,2012,2722,
ESTAT:TTR00003(1.0),19/12/23 23:00:00,A,TOTAL,TOTAL,KM,HR,2013,2722,
ESTAT:TTR00003(1.0),19/12/23 23:00:00,A,TOTAL,TOTAL,KM,HR,2014,2604,
ESTAT:TTR00003(1.0),19/12/23 23:00:00,A,TOTAL,TOTAL,KM,HR,2015,2604,
ESTAT:TTR00003(1.0),19/12/23 23:00:00,A,TOTAL,TOTAL,KM,HR,2016,2604,
ESTAT:TTR00003(1.0),19/12/23 23:00:00,A,TOTAL,TOTAL,KM,HR,2017,2604,
ESTAT:TTR00003(1.0),19/12/23 23:00:00,A,TOTAL,TOTAL,KM,HR,2018,2604,
ESTAT:TTR00003(1.0),19/12/23 23:00:00,A,TOTAL,TOTAL,KM,HR,2019,2617,
ESTAT:TTR00003(1.0),19/12/23 23:00:00,A,TOTAL,TOTAL,KM,HR,2020,2617,
ESTAT:TTR00003(1.0),19/12/23 23:00:00,A,TOTAL,TOTAL,KM,HR,2021,2617,
ESTAT:TTR00003(1.0),19/12/23 23:00:00,A,TOTAL,TOTAL,KM,HR,2022,2617,
ESTAT:TTR00003(1.0),19/12/23 23:00:00,A,TOTAL,TOTAL,KM,HU,2011,7486.500,
ESTAT:TTR00003(1.0),19/12/23 23:00:00,A,TOTAL,TOTAL,KM,HU,2012,7486.200,
ESTAT:TTR00003(1.0),19/12/23 23:00:00,A,TOTAL,TOTAL,KM,HU,2013,7356.700,
ESTAT:TTR00003(1.0),19/12/23 23:00:00,A,TOTAL,TOTAL,KM,HU,2014,7209,
ESTAT:TTR00003(1.0),19/12/23 23:00:00,A,TOTAL,TOTAL,KM,HU,2015,7197,
ESTAT:TTR00003(1.0),19/12/23 23:00:00,A,TOTAL,TOTAL,KM,HU,2016,7811,
ESTAT:TTR00003(1.0),19/12/23 23:00:00,A,TOTAL,TOTAL,KM,HU,2017,7955,
ESTAT:TTR00003(1.0),19/12/23 23:00:00,A,TOTAL,TOTAL,KM,HU,2018,7732,
ESTAT:TTR00003(1.0),19/12/23 23:00:00,A,TOTAL,TOTAL,KM,HU,2019,7743,
ESTAT:TTR00003(1.0),19/12/23 23:00:00,A,TOTAL,TOTAL,KM,HU,2020,7787,
ESTAT:TTR00003(1.0),19/12/23 23:00:00,A,TOTAL,TOTAL,KM,HU,2021,7889,
ESTAT:TTR00003(1.0),19/12/23 23:00:00,A,TOTAL,TOTAL,KM,HU,2022,7907,
ESTAT:TTR00003(1.0),19/12/23 23:00:00,A,TOTAL,TOTAL,KM,IE,2011,1839,
ESTAT:TTR00003(1.0),19/12/23 23:00:00,A,TOTAL,TOTAL,KM,IE,2012,1839,
ESTAT:TTR00003(1.0),19/12/23 23:00:00,A,TOTAL,TOTAL,KM,IE,2013,1839,
ESTAT:TTR00003(1.0),19/12/23 23:00:00,A,TOTAL,TOTAL,KM,IE,2014,1839,
ESTAT:TTR00003(1.0),19/12/23 23:00:00,A,TOTAL,TOTAL,KM,IE,2015,1839,
ESTAT:TTR00003(1.0),19/12/23 23:00:00,A,TOTAL,TOTAL,KM,IE,2016,1839,
ESTAT:TTR00003(1.0),19/12/23 23:00:00,A,TOTAL,TOTAL,KM,IE,2017,1839,
ESTAT:TTR00003(1.0),19/12/23 23:00:00,A,TOTAL,TOTAL,KM,IE,2018,2045,b
ESTAT:TTR00003(1.0),19/12/23 23:00:00,A,TOTAL,TOTAL,KM,IE,2019,2045,
ESTAT:TTR00003(1.0),19/12/23 23:00:00,A,TOTAL,TOTAL,KM,IE,2020,2045,
ESTAT:TTR00003(1.0),19/12/23 23:00:00,A,TOTAL,TOTAL,KM,IE,2021,2045,
ESTAT:TTR00003(1.0),19/12/23 23:00:00,A,TOTAL,TOTAL,KM,IE,2022,2045,
ESTAT:TTR00003(1.0),19/12/23 23:00:00,A,TOTAL,TOTAL,KM,IT,2011,16726,
ESTAT:TTR00003(1.0),19/12/23 23:00:00,A,TOTAL,TOTAL,KM,IT,2012,16742,
ESTAT:TTR00003(1.0),19/12/23 23:00:00,A,TOTAL,TOTAL,KM,IT,2013,16752,
ESTAT:TTR00003(1.0),19/12/23 23:00:00,A,TOTAL,TOTAL,KM,IT,2014,16722,s
ESTAT:TTR00003(1.0),19/12/23 23:00:00,A,TOTAL,TOTAL,KM,IT,2015,16724,s
ESTAT:TTR00003(1.0),19/12/23 23:00:00,A,TOTAL,TOTAL,KM,IT,2016,16788,
ESTAT:TTR00003(1.0),19/12/23 23:00:00,A,TOTAL,TOTAL,KM,IT,2017,16787,
ESTAT:TTR00003(1.0),19/12/23 23:00:00,A,TOTAL,TOTAL,KM,IT,2018,16781,
ESTAT:TTR00003(1.0),19/12/23 23:00:00,A,TOTAL,TOTAL,KM,IT,2019,16779,
ESTAT:TTR00003(1.0),19/12/23 23:00:00,A,TOTAL,TOTAL,KM,IT,2020,16782,
ESTAT:TTR00003(1.0),19/12/23 23:00:00,A,TOTAL,TOTAL,KM,IT,2021,16832,
ESTAT:TTR00003(1.0),19/12/23 23:00:00,A,TOTAL,TOTAL,KM,IT,2022,16829,
ESTAT:TTR00003(1.0),19/12/23 23:00:00,A,TOTAL,TOTAL,KM,LT,2011,1767.600,
ESTAT:TTR00003(1.0),19/12/23 23:00:00,A,TOTAL,TOTAL,KM,LT,2012,1767.600,
ESTAT:TTR00003(1.0),19/12/23 23:00:00,A,TOTAL,TOTAL,KM,LT,2013,1767.600,
ESTAT:TTR00003(1.0),19/12/23 23:00:00,A,TOTAL,TOTAL,KM,LT,2014,1767.600,
ESTAT:TTR00003(1.0),19/12/23 23:00:00,A,TOTAL,TOTAL,KM,LT,2015,1877.200,
ESTAT:TTR00003(1.0),19/12/23 23:00:00,A,TOTAL,TOTAL,KM,LT,2016,1911.300,
ESTAT:TTR00003(1.0),19/12/23 23:00:00,A,TOTAL,TOTAL,KM,LT,2017,1911.300,
ESTAT:TTR00003(1.0),19/12/23 23:00:00,A,TOTAL,TOTAL,KM,LT,2018,1910.700,
ESTAT:TTR00003(1.0),19/12/23 23:00:00,A,TOTAL,TOTAL,KM,LT,2019,1910.700,
ESTAT:TTR00003(1.0),19/12/23 23:00:00,A,TOTAL,TOTAL,KM,LT,2020,1910.800,
ESTAT:TTR00003(1.0),19/12/23 23:00:00,A,TOTAL,TOTAL,KM,LT,2021,1910.800,
ESTAT:TTR00003(1.0),19/12/23 23:00:00,A,TOTAL,TOTAL,KM,LT,2022,1919.200,
ESTAT:TTR00003(1.0),19/12/23 23:00:00,A,TOTAL,TOTAL,KM,LU,2011,275,
ESTAT:TTR00003(1.0),19/12/23 23:00:00,A,TOTAL,TOTAL,KM,LU,2012,275,
ESTAT:TTR00003(1.0),19/12/23 23:00:00,A,TOTAL,TOTAL,KM,LU,2013,275,
ESTAT:TTR00003(1.0),19/12/23 23:00:00,A,TOTAL,TOTAL,KM,LU,2014,275,
ESTAT:TTR00003(1.0),19/12/23 23:00:00,A,TOTAL,TOTAL,KM,LU,2015,275,
ESTAT:TTR00003(1.0),19/12/23 23:00:00,A,TOTAL,TOTAL,KM,LU,2016,275,
ESTAT:TTR00003(1.0),19/12/23 23:00:00,A,TOTAL,TOTAL,KM,LU,2017,263,
ESTAT:TTR00003(1.0),19/12/23 23:00:00,A,TOTAL,TOTAL,KM,LU,2018,263,
ESTAT:TTR00003(1.0),19/12/23 23:00:00,A,TOTAL,TOTAL,KM,LU,2019,263,
ESTAT:TTR00003(1.0),19/12/23 23:00:00,A,TOTAL,TOTAL,KM,LU,2020,263,
ESTAT:TTR00003(1.0),19/12/23 23:00:00,A,TOTAL,TOTAL,KM,LU,2021,271,
ESTAT:TTR00003(1.0),19/12/23 23:00:00,A,TOTAL,TOTAL,KM,LU,2022,271,
ESTAT:TTR00003(1.0),19/12/23 23:00:00,A,TOTAL,TOTAL,KM,LV,2011,1865,
ESTAT:TTR00003(1.0),19/12/23 23:00:00,A,TOTAL,TOTAL,KM,LV,2012,1859,
ESTAT:TTR00003(1.0),19/12/23 23:00:00,A,TOTAL,TOTAL,KM,LV,2013,1859,
ESTAT:TTR00003(1.0),19/12/23 23:00:00,A,TOTAL,TOTAL,KM,LV,2014,1860,
ESTAT:TTR00003(1.0),19/12/23 23:00:00,A,TOTAL,TOTAL,KM,LV,2015,1860,
ESTAT:TTR00003(1.0),19/12/23 23:00:00,A,TOTAL,TOTAL,KM,LV,2016,1859.600,
ESTAT:TTR00003(1.0),19/12/23 23:00:00,A,TOTAL,TOTAL,KM,LV,2017,1859.600,
ESTAT:TTR00003(1.0),19/12/23 23:00:00,A,TOTAL,TOTAL,KM,LV,2018,1859.600,
ESTAT:TTR00003(1.0),19/12/23 23:00:00,A,TOTAL,TOTAL,KM,LV,2019,1859.600,
ESTAT:TTR00003(1.0),19/12/23 23:00:00,A,TOTAL,TOTAL,KM,LV,2020,1859.100,
ESTAT:TTR00003(1.0),19/12/23 23:00:00,A,TOTAL,TOTAL,KM,LV,2021,1859.100,
ESTAT:TTR00003(1.0),19/12/23 23:00:00,A,TOTAL,TOTAL,KM,LV,2022,1864.900,
ESTAT:TTR00003(1.0),19/12/23 23:00:00,A,TOTAL,TOTAL,KM,NL,2011,3013,
ESTAT:TTR00003(1.0),19/12/23 23:00:00,A,TOTAL,TOTAL,KM,NL,2012,3013,
ESTAT:TTR00003(1.0),19/12/23 23:00:00,A,TOTAL,TOTAL,KM,NL,2013,3013,
ESTAT:TTR00003(1.0),19/12/23 23:00:00,A,TOTAL,TOTAL,KM,NL,2014,3032,
ESTAT:TTR00003(1.0),19/12/23 23:00:00,A,TOTAL,TOTAL,KM,NL,2015,3031,
ESTAT:TTR00003(1.0),19/12/23 23:00:00,A,TOTAL,TOTAL,KM,NL,2016,3058,
ESTAT:TTR00003(1.0),19/12/23 23:00:00,A,TOTAL,TOTAL,KM,NL,2017,3055,
ESTAT:TTR00003(1.0),19/12/23 23:00:00,A,TOTAL,TOTAL,KM,NL,2018,3040,
ESTAT:TTR00003(1.0),19/12/23 23:00:00,A,TOTAL,TOTAL,KM,NL,2019,3040,
ESTAT:TTR00003(1.0),19/12/23 23:00:00,A,TOTAL,TOTAL,KM,NL,2020,3041,
ESTAT:TTR00003(1.0),19/12/23 23:00:00,A,TOTAL,TOTAL,KM,NL,2021,3041,
ESTAT:TTR00003(1.0),19/12/23 23:00:00,A,TOTAL,TOTAL,KM,NL,2022,3041,
ESTAT:TTR00003(1.0),19/12/23 23:00:00,A,TOTAL,TOTAL,KM,PL,2011,20228,
ESTAT:TTR00003(1.0),19/12/23 23:00:00,A,TOTAL,TOTAL,KM,PL,2012,20094,
ESTAT:TTR00003(1.0),19/12/23 23:00:00,A,TOTAL,TOTAL,KM,PL,2013,19328,
ESTAT:TTR00003(1.0),19/12/23 23:00:00,A,TOTAL,TOTAL,KM,PL,2014,19240,
ESTAT:TTR00003(1.0),19/12/23 23:00:00,A,TOTAL,TOTAL,KM,PL,2015,19231,
ESTAT:TTR00003(1.0),19/12/23 23:00:00,A,TOTAL,TOTAL,KM,PL,2016,19132,
ESTAT:TTR00003(1.0),19/12/23 23:00:00,A,TOTAL,TOTAL,KM,PL,2017,19209,
ESTAT:TTR00003(1.0),19/12/23 23:00:00,A,TOTAL,TOTAL,KM,PL,2018,19196,
ESTAT:TTR00003(1.0),19/12/23 23:00:00,A,TOTAL,TOTAL,KM,PL,2019,19359,
ESTAT:TTR00003(1.0),19/12/23 23:00:00,A,TOTAL,TOTAL,KM,PL,2020,19383,
ESTAT:TTR00003(1.0),19/12/23 23:00:00,A,TOTAL,TOTAL,KM,PL,2021,19287,
ESTAT:TTR00003(1.0),19/12/23 23:00:00,A,TOTAL,TOTAL,KM,PL,2022,19355,
ESTAT:TTR00003(1.0),19/12/23 23:00:00,A,TOTAL,TOTAL,KM,PT,2011,2793.900,
ESTAT:TTR00003(1.0),19/12/23 23:00:00,A,TOTAL,TOTAL,KM,PT,2012,2541.200,
ESTAT:TTR00003(1.0),19/12/23 23:00:00,A,TOTAL,TOTAL,KM,PT,2013,2544.400,
ESTAT:TTR00003(1.0),19/12/23 23:00:00,A,TOTAL,TOTAL,KM,PT,2014,2546,
ESTAT:TTR00003(1.0),19/12/23 23:00:00,A,TOTAL,TOTAL,KM,PT,2015,2546,
ESTAT:TTR00003(1.0),19/12/23 23:00:00,A,TOTAL,TOTAL,KM,PT,2016,2546,
ESTAT:TTR00003(1.0),19/12/23 23:00:00,A,TOTAL,TOTAL,KM,PT,2017,2545.960,
ESTAT:TTR00003(1.0),19/12/23 23:00:00,A,TOTAL,TOTAL,KM,PT,2018,2545.960,
ESTAT:TTR00003(1.0),19/12/23 23:00:00,A,TOTAL,TOTAL,KM,PT,2019,2526.150,
ESTAT:TTR00003(1.0),19/12/23 23:00:00,A,TOTAL,TOTAL,KM,PT,2020,2526.150,
ESTAT:TTR00003(1.0),19/12/23 23:00:00,A,TOTAL,TOTAL,KM,PT,2021,2527.053,
ESTAT:TTR00003(1.0),19/12/23 23:00:00,A,TOTAL,TOTAL,KM,PT,2022,2527.053,
ESTAT:TTR00003(1.0),19/12/23 23:00:00,A,TOTAL,TOTAL,KM,RO,2011,10777,
ESTAT:TTR00003(1.0),19/12/23 23:00:00,A,TOTAL,TOTAL,KM,RO,2012,10777,
ESTAT:TTR00003(1.0),19/12/23 23:00:00,A,TOTAL,TOTAL,KM,RO,2013,10768,
ESTAT:TTR00003(1.0),19/12/23 23:00:00,A,TOTAL,TOTAL,KM,RO,2014,10777,
ESTAT:TTR00003(1.0),19/12/23 23:00:00,A,TOTAL,TOTAL,KM,RO,2015,10770,
ESTAT:TTR00003(1.0),19/12/23 23:00:00,A,TOTAL,TOTAL,KM,RO,2016,10774,
ESTAT:TTR00003(1.0),19/12/23 23:00:00,A,TOTAL,TOTAL,KM,RO,2017,10774,
ESTAT:TTR00003(1.0),19/12/23 23:00:00,A,TOTAL,TOTAL,KM,RO,2018,10765,
ESTAT:TTR00003(1.0),19/12/23 23:00:00,A,TOTAL,TOTAL,KM,RO,2019,10759,
ESTAT:TTR00003(1.0),19/12/23 23:00:00,A,TOTAL,TOTAL,KM,RO,2020,10769,
ESTAT:TTR00003(1.0),19/12/23 23:00:00,A,TOTAL,TOTAL,KM,RO,2021,10764,
ESTAT:TTR00003(1.0),19/12/23 23:00:00,A,TOTAL,TOTAL,KM,RO,2022,10615,
ESTAT:TTR00003(1.0),19/12/23 23:00:00,A,TOTAL,TOTAL,KM,SE,2011,11206,
ESTAT:TTR00003(1.0),19/12/23 23:00:00,A,TOTAL,TOTAL,KM,SE,2012,11136,
ESTAT:TTR00003(1.0),19/12/23 23:00:00,A,TOTAL,TOTAL,KM,SE,2013,10957,
ESTAT:TTR00003(1.0),19/12/23 23:00:00,A,TOTAL,TOTAL,KM,SE,2014,10881,
ESTAT:TTR00003(1.0),19/12/23 23:00:00,A,TOTAL,TOTAL,KM,SE,2015,10908,
ESTAT:TTR00003(1.0),19/12/23 23:00:00,A,TOTAL,TOTAL,KM,SE,2016,10882,
ESTAT:TTR00003(1.0),19/12/23 23:00:00,A,TOTAL,TOTAL,KM,SE,2017,10874,
ESTAT:TTR00003(1.0),19/12/23 23:00:00,A,TOTAL,TOTAL,KM,SE,2018,10906,
ESTAT:TTR00003(1.0),19/12/23 23:00:00,A,TOTAL,TOTAL,KM,SE,2019,10899,
ESTAT:TTR00003(1.0),19/12/23 23:00:00,A,TOTAL,TOTAL,KM,SE,2020,10909,
ESTAT:TTR00003(1.0),19/12/23 23:00:00,A,TOTAL,TOTAL,KM,SE,2021,10912,
ESTAT:TTR00003(1.0),19/12/23 23:00:00,A,TOTAL,TOTAL,KM,SE,2022,10914,
ESTAT:TTR00003(1.0),19/12/23 23:00:00,A,TOTAL,TOTAL,KM,SI,2011,1209.130,
ESTAT:TTR00003(1.0),19/12/23 23:00:00,A,TOTAL,TOTAL,KM,SI,2012,1209,
ESTAT:TTR00003(1.0),19/12/23 23:00:00,A,TOTAL,TOTAL,KM,SI,2013,1209,
ESTAT:TTR00003(1.0),19/12/23 23:00:00,A,TOTAL,TOTAL,KM,SI,2014,1209,
ESTAT:TTR00003(1.0),19/12/23 23:00:00,A,TOTAL,TOTAL,KM,SI,2015,1209,
ESTAT:TTR00003(1.0),19/12/23 23:00:00,A,TOTAL,TOTAL,KM,SI,2016,1209,
ESTAT:TTR00003(1.0),19/12/23 23:00:00,A,TOTAL,TOTAL,KM,SI,2017,1209,
ESTAT:TTR00003(1.0),19/12/23 23:00:00,A,TOTAL,TOTAL,KM,SI,2018,1209,
ESTAT:TTR00003(1.0),19/12/23 23:00:00,A,TOTAL,TOTAL,KM,SI,2019,1209,
ESTAT:TTR00003(1.0),19/12/23 23:00:00,A,TOTAL,TOTAL,KM,SI,2020,1209,
ESTAT:TTR00003(1.0),19/12/23 23:00:00,A,TOTAL,TOTAL,KM,SI,2021,1209,
ESTAT:TTR00003(1.0),19/12/23 23:00:00,A,TOTAL,TOTAL,KM,SI,2022,1208,
ESTAT:TTR00003(1.0),19/12/23 23:00:00,A,TOTAL,TOTAL,KM,SK,2011,3624,
ESTAT:TTR00003(1.0),19/12/23 23:00:00,A,TOTAL,TOTAL,KM,SK,2012,3631,
ESTAT:TTR00003(1.0),19/12/23 23:00:00,A,TOTAL,TOTAL,KM,SK,2013,3631,
ESTAT:TTR00003(1.0),19/12/23 23:00:00,A,TOTAL,TOTAL,KM,SK,2014,3627,
ESTAT:TTR00003(1.0),19/12/23 23:00:00,A,TOTAL,TOTAL,KM,SK,2015,3626,
ESTAT:TTR00003(1.0),19/12/23 23:00:00,A,TOTAL,TOTAL,KM,SK,2016,3626,
ESTAT:TTR00003(1.0),19/12/23 23:00:00,A,TOTAL,TOTAL,KM,SK,2017,3626,
ESTAT:TTR00003(1.0),19/12/23 23:00:00,A,TOTAL,TOTAL,KM,SK,2018,3627,
ESTAT:TTR00003(1.0),19/12/23 23:00:00,A,TOTAL,TOTAL,KM,SK,2019,3629,
ESTAT:TTR00003(1.0),19/12/23 23:00:00,A,TOTAL,TOTAL,KM,SK,2020,3627,
ESTAT:TTR00003(1.0),19/12/23 23:00:00,A,TOTAL,TOTAL,KM,SK,2021,3626,
ESTAT:TTR00003(1.0),19/12/23 23:00:00,A,TOTAL,TOTAL,KM,SK,2022,3626,
