"LOCATION","INDICATOR","SUBJECT","MEASURE","FREQUENCY","TIME","Value","Flag Codes"
"AUT","PASSTRANSP","RAIL","MLN_PKM","A","1970",6281,
"AUT","PASSTRANSP","RAIL","MLN_PKM","A","1971",6506,
"AUT","PASSTRANSP","RAIL","MLN_PKM","A","1972",6569,
"AUT","PASSTRANSP","RAIL","MLN_PKM","A","1973",6513,
"AUT","PASSTRANSP","RAIL","MLN_PKM","A","1974",6575,
"AUT","PASSTRANSP","RAIL","MLN_PKM","A","1975",6470,
"AUT","PASSTRANSP","RAIL","MLN_PKM","A","1976",6500,
"AUT","PASSTRANSP","RAIL","MLN_PKM","A","1977",6773,
"AUT","PASSTRANSP","RAIL","MLN_PKM","A","1978",7109,
"AUT","PASSTRANSP","RAIL","MLN_PKM","A","1979",7241,
"AUT","PASSTRANSP","RAIL","MLN_PKM","A","1980",7380,
"AUT","PASSTRANSP","RAIL","MLN_PKM","A","1981",7043,
"AUT","PASSTRANSP","RAIL","MLN_PKM","A","1982",7217,
"AUT","PASSTRANSP","RAIL","MLN_PKM","A","1983",7150,
"AUT","PASSTRANSP","RAIL","MLN_PKM","A","1984",7004,
"AUT","PASSTRANSP","RAIL","MLN_PKM","A","1985",7290,
"AUT","PASSTRANSP","RAIL","MLN_PKM","A","1986",7332,
"AUT","PASSTRANSP","RAIL","MLN_PKM","A","1987",7363,
"AUT","PASSTRANSP","RAIL","MLN_PKM","A","1988",7783,
"AUT","PASSTRANSP","RAIL","MLN_PKM","A","1989",8444,
"AUT","PASSTRANSP","RAIL","MLN_PKM","A","1990",8463,
"AUT","PASSTRANSP","RAIL","MLN_PKM","A","1991",8990,
"AUT","PASSTRANSP","RAIL","MLN_PKM","A","1992",9501,
"AUT","PASSTRANSP","RAIL","MLN_PKM","A","1993",9342,
"AUT","PASSTRANSP","RAIL","MLN_PKM","A","1994",9629,
"AUT","PASSTRANSP","RAIL","MLN_PKM","A","1995",9625,
"AUT","PASSTRANSP","RAIL","MLN_PKM","A","1996",9689,
"AUT","PASSTRANSP","RAIL","MLN_PKM","A","1997",8140,
"AUT","PASSTRANSP","RAIL","MLN_PKM","A","1998",7971,
"AUT","PASSTRANSP","RAIL","MLN_PKM","A","1999",7995,
"AUT","PASSTRANSP","RAIL","MLN_PKM","A","2000",8206,
"AUT","PASSTRANSP","RAIL","MLN_PKM","A","2001",8240,
"AUT","PASSTRANSP","RAIL","MLN_PKM","A","2002",8300,
"AUT","PASSTRANSP","RAIL","MLN_PKM","A","2003",8249,
"AUT","PASSTRANSP","RAIL","MLN_PKM","A","2004",8295,
"AUT","PASSTRANSP","RAIL","MLN_PKM","A","2005",8470,
"AUT","PASSTRANSP","RAIL","MLN_PKM","A","2006",9296,"B"
"AUT","PASSTRANSP","RAIL","MLN_PKM","A","2007",9580,
"AUT","PASSTRANSP","RAIL","MLN_PKM","A","2008",10837,
"AUT","PASSTRANSP","RAIL","MLN_PKM","A","2009",10653,
"AUT","PASSTRANSP","RAIL","MLN_PKM","A","2010",10737,
"AUT","PASSTRANSP","RAIL","MLN_PKM","A","2011",10875,
"AUT","PASSTRANSP","RAIL","MLN_PKM","A","2012",11323,
"AUT","PASSTRANSP","RAIL","MLN_PKM","A","2013",11915,
"AUT","PASSTRANSP","RAIL","MLN_PKM","A","2014",12092,
"AUT","PASSTRANSP","RAIL","MLN_PKM","A","2015",12208,
"AUT","PASSTRANSP","RAIL","MLN_PKM","A","2016",12578,
"AUT","PASSTRANSP","RAIL","MLN_PKM","A","2017",12656.7,
"AUT","PASSTRANSP","RAIL","MLN_PKM","A","2018",13204.7,
"AUT","PASSTRANSP","RAIL","MLN_PKM","A","2019",13350,
"AUT","PASSTRANSP","RAIL","MLN_PKM","A","2020",7417.005,
"AUT","PASSTRANSP","RAIL","MLN_PKM","A","2021",8433.154238,
"AUT","PASSTRANSP","RAIL","MLN_PKM","A","2022",12933,
"BEL","PASSTRANSP","RAIL","MLN_PKM","A","1970",8260,
"BEL","PASSTRANSP","RAIL","MLN_PKM","A","1971",8425,
"BEL","PASSTRANSP","RAIL","MLN_PKM","A","1972",8168,
"BEL","PASSTRANSP","RAIL","MLN_PKM","A","1973",8093,
"BEL","PASSTRANSP","RAIL","MLN_PKM","A","1974",8279,
"BEL","PASSTRANSP","RAIL","MLN_PKM","A","1975",8528,
"BEL","PASSTRANSP","RAIL","MLN_PKM","A","1976",8191,
"BEL","PASSTRANSP","RAIL","MLN_PKM","A","1977",7667,
"BEL","PASSTRANSP","RAIL","MLN_PKM","A","1978",7136,
"BEL","PASSTRANSP","RAIL","MLN_PKM","A","1979",6955,
"BEL","PASSTRANSP","RAIL","MLN_PKM","A","1980",6963,
"BEL","PASSTRANSP","RAIL","MLN_PKM","A","1981",7078,
"BEL","PASSTRANSP","RAIL","MLN_PKM","A","1982",6879,
"BEL","PASSTRANSP","RAIL","MLN_PKM","A","1983",6631,
"BEL","PASSTRANSP","RAIL","MLN_PKM","A","1984",6444,
"BEL","PASSTRANSP","RAIL","MLN_PKM","A","1985",6572,
"BEL","PASSTRANSP","RAIL","MLN_PKM","A","1986",6069,
"BEL","PASSTRANSP","RAIL","MLN_PKM","A","1987",6270,
"BEL","PASSTRANSP","RAIL","MLN_PKM","A","1988",6348,
"BEL","PASSTRANSP","RAIL","MLN_PKM","A","1989",6400,
"BEL","PASSTRANSP","RAIL","MLN_PKM","A","1990",6539,
"BEL","PASSTRANSP","RAIL","MLN_PKM","A","1991",6771,
"BEL","PASSTRANSP","RAIL","MLN_PKM","A","1992",6798,
"BEL","PASSTRANSP","RAIL","MLN_PKM","A","1993",6694,
"BEL","PASSTRANSP","RAIL","MLN_PKM","A","1994",6638,
"BEL","PASSTRANSP","RAIL","MLN_PKM","A","1995",6757,
"BEL","PASSTRANSP","RAIL","MLN_PKM","A","1996",6788,
"BEL","PASSTRANSP","RAIL","MLN_PKM","A","1997",6980,
"BEL","PASSTRANSP","RAIL","MLN_PKM","A","1998",7097,
"BEL","PASSTRANSP","RAIL","MLN_PKM","A","1999",7354,
"BEL","PASSTRANSP","RAIL","MLN_PKM","A","2000",7755,
"BEL","PASSTRANSP","RAIL","MLN_PKM","A","2001",8036,
"BEL","PASSTRANSP","RAIL","MLN_PKM","A","2002",8260,
"BEL","PASSTRANSP","RAIL","MLN_PKM","A","2003",8265,
"BEL","PASSTRANSP","RAIL","MLN_PKM","A","2004",8676,
"BEL","PASSTRANSP","RAIL","MLN_PKM","A","2005",9150,
"BEL","PASSTRANSP","RAIL","MLN_PKM","A","2006",9607,
"BEL","PASSTRANSP","RAIL","MLN_PKM","A","2007",9932,
"BEL","PASSTRANSP","RAIL","MLN_PKM","A","2008",10406,
"BEL","PASSTRANSP","RAIL","MLN_PKM","A","2009",10427,
"BEL","PASSTRANSP","RAIL","MLN_PKM","A","2010",10403,
"BEL","PASSTRANSP","RAIL","MLN_PKM","A","2011",11003,
"BEL","PASSTRANSP","RAIL","MLN_PKM","A","2012",10857,
"BEL","PASSTRANSP","RAIL","MLN_PKM","A","2013",10595,
"BEL","PASSTRANSP","RAIL","MLN_PKM","A","2014",10974,"E"
"BEL","PASSTRANSP","RAIL","MLN_PKM","A","2015",10333,"B"
"BEL","PASSTRANSP","RAIL","MLN_PKM","A","2016",10025,"E"
"BEL","PASSTRANSP","RAIL","MLN_PKM","A","2017",10167,"E"
"BEL","PASSTRANSP","RAIL","MLN_PKM","A","2018",10500,"E"
"BEL","PASSTRANSP","RAIL","MLN_PKM","A","2019",10849,
"BEL","PASSTRANSP","RAIL","MLN_PKM","A","2020",7397,
"BEL","PASSTRANSP","RAIL","MLN_PKM","A","2021",6970,
"BEL","PASSTRANSP","RAIL","MLN_PKM","A","2022",9684,
"CZE","PASSTRANSP","RAIL","MLN_PKM","A","1993",8548,
"CZE","PASSTRANSP","RAIL","MLN_PKM","A","1994",8481,
"CZE","PASSTRANSP","RAIL","MLN_PKM","A","1995",8023,
"CZE","PASSTRANSP","RAIL","MLN_PKM","A","1996",8111,
"CZE","PASSTRANSP","RAIL","MLN_PKM","A","1997",7721,
"CZE","PASSTRANSP","RAIL","MLN_PKM","A","1998",7018,
"CZE","PASSTRANSP","RAIL","MLN_PKM","A","1999",6957,
"CZE","PASSTRANSP","RAIL","MLN_PKM","A","2000",7300,
"CZE","PASSTRANSP","RAIL","MLN_PKM","A","2001",7299,
"CZE","PASSTRANSP","RAIL","MLN_PKM","A","2002",6597,
"CZE","PASSTRANSP","RAIL","MLN_PKM","A","2003",6518,
"CZE","PASSTRANSP","RAIL","MLN_PKM","A","2004",6590,
"CZE","PASSTRANSP","RAIL","MLN_PKM","A","2005",6667,
"CZE","PASSTRANSP","RAIL","MLN_PKM","A","2006",6922,
"CZE","PASSTRANSP","RAIL","MLN_PKM","A","2007",6900,
"CZE","PASSTRANSP","RAIL","MLN_PKM","A","2008",6803,
"CZE","PASSTRANSP","RAIL","MLN_PKM","A","2009",6503,
"CZE","PASSTRANSP","RAIL","MLN_PKM","A","2010",6591,
"CZE","PASSTRANSP","RAIL","MLN_PKM","A","2011",6714,
"CZE","PASSTRANSP","RAIL","MLN_PKM","A","2012",7265,
"CZE","PASSTRANSP","RAIL","MLN_PKM","A","2013",7601,
"CZE","PASSTRANSP","RAIL","MLN_PKM","A","2014",7797,
"CZE","PASSTRANSP","RAIL","MLN_PKM","A","2015",8298.112592,
"CZE","PASSTRANSP","RAIL","MLN_PKM","A","2016",8843.373268,
"CZE","PASSTRANSP","RAIL","MLN_PKM","A","2017",9497.566454,
"CZE","PASSTRANSP","RAIL","MLN_PKM","A","2018",10286.019,
"CZE","PASSTRANSP","RAIL","MLN_PKM","A","2019",10930.618,
"CZE","PASSTRANSP","RAIL","MLN_PKM","A","2020",6665.141,
"CZE","PASSTRANSP","RAIL","MLN_PKM","A","2021",6820.176,
"CZE","PASSTRANSP","RAIL","MLN_PKM","A","2022",9516.751,
"DNK","PASSTRANSP","RAIL","MLN_PKM","A","1970",3354,
"DNK","PASSTRANSP","RAIL","MLN_PKM","A","1971",3614,
"DNK","PASSTRANSP","RAIL","MLN_PKM","A","1972",3465,
"DNK","PASSTRANSP","RAIL","MLN_PKM","A","1973",2918,
"DNK","PASSTRANSP","RAIL","MLN_PKM","A","1974",3059,
"DNK","PASSTRANSP","RAIL","MLN_PKM","A","1975",3172,
"DNK","PASSTRANSP","RAIL","MLN_PKM","A","1976",3200,
"DNK","PASSTRANSP","RAIL","MLN_PKM","A","1977",3227,
"DNK","PASSTRANSP","RAIL","MLN_PKM","A","1978",3398,
"DNK","PASSTRANSP","RAIL","MLN_PKM","A","1979",3749,
"DNK","PASSTRANSP","RAIL","MLN_PKM","A","1980",4314,
"DNK","PASSTRANSP","RAIL","MLN_PKM","A","1981",4518,
"DNK","PASSTRANSP","RAIL","MLN_PKM","A","1982",4531,
"DNK","PASSTRANSP","RAIL","MLN_PKM","A","1983",4660,
"DNK","PASSTRANSP","RAIL","MLN_PKM","A","1984",4617,
"DNK","PASSTRANSP","RAIL","MLN_PKM","A","1985",4716,
"DNK","PASSTRANSP","RAIL","MLN_PKM","A","1986",4876,
"DNK","PASSTRANSP","RAIL","MLN_PKM","A","1987",4860,
"DNK","PASSTRANSP","RAIL","MLN_PKM","A","1988",4850,
"DNK","PASSTRANSP","RAIL","MLN_PKM","A","1989",4726,
"DNK","PASSTRANSP","RAIL","MLN_PKM","A","1990",4851,
"DNK","PASSTRANSP","RAIL","MLN_PKM","A","1991",4711,
"DNK","PASSTRANSP","RAIL","MLN_PKM","A","1992",4772,
"DNK","PASSTRANSP","RAIL","MLN_PKM","A","1993",4737,
"DNK","PASSTRANSP","RAIL","MLN_PKM","A","1994",4847,
"DNK","PASSTRANSP","RAIL","MLN_PKM","A","1995",4684,
"DNK","PASSTRANSP","RAIL","MLN_PKM","A","1996",4621,
"DNK","PASSTRANSP","RAIL","MLN_PKM","A","1997",4978,
"DNK","PASSTRANSP","RAIL","MLN_PKM","A","1998",5163,
"DNK","PASSTRANSP","RAIL","MLN_PKM","A","1999",5113,
"DNK","PASSTRANSP","RAIL","MLN_PKM","A","2000",5537,
"DNK","PASSTRANSP","RAIL","MLN_PKM","A","2001",5721,
"DNK","PASSTRANSP","RAIL","MLN_PKM","A","2002",5754,
"DNK","PASSTRANSP","RAIL","MLN_PKM","A","2003",5893,
"DNK","PASSTRANSP","RAIL","MLN_PKM","A","2004",6074,
"DNK","PASSTRANSP","RAIL","MLN_PKM","A","2005",6136,
"DNK","PASSTRANSP","RAIL","MLN_PKM","A","2006",6274,
"DNK","PASSTRANSP","RAIL","MLN_PKM","A","2007",6353,"B"
"DNK","PASSTRANSP","RAIL","MLN_PKM","A","2008",6475,
"DNK","PASSTRANSP","RAIL","MLN_PKM","A","2009",6367,
"DNK","PASSTRANSP","RAIL","MLN_PKM","A","2010",6577,
"DNK","PASSTRANSP","RAIL","MLN_PKM","A","2011",6890,
"DNK","PASSTRANSP","RAIL","MLN_PKM","A","2012",7020,
"DNK","PASSTRANSP","RAIL","MLN_PKM","A","2013",7076,
"DNK","PASSTRANSP","RAIL","MLN_PKM","A","2014",6808,
"DNK","PASSTRANSP","RAIL","MLN_PKM","A","2015",6808,
"DNK","PASSTRANSP","RAIL","MLN_PKM","A","2016",6653,
"DNK","PASSTRANSP","RAIL","MLN_PKM","A","2017",6623,
"DNK","PASSTRANSP","RAIL","MLN_PKM","A","2018",6560,
"FIN","PASSTRANSP","RAIL","MLN_PKM","A","1970",2156,
"FIN","PASSTRANSP","RAIL","MLN_PKM","A","1971",2349,
"FIN","PASSTRANSP","RAIL","MLN_PKM","A","1972",2594,
"FIN","PASSTRANSP","RAIL","MLN_PKM","A","1973",2773,
"FIN","PASSTRANSP","RAIL","MLN_PKM","A","1974",3047,
"FIN","PASSTRANSP","RAIL","MLN_PKM","A","1975",3135,
"FIN","PASSTRANSP","RAIL","MLN_PKM","A","1976",2985,
"FIN","PASSTRANSP","RAIL","MLN_PKM","A","1977",2977,
"FIN","PASSTRANSP","RAIL","MLN_PKM","A","1978",2983,
"FIN","PASSTRANSP","RAIL","MLN_PKM","A","1979",3020,
"FIN","PASSTRANSP","RAIL","MLN_PKM","A","1980",3216,
"FIN","PASSTRANSP","RAIL","MLN_PKM","A","1981",3274,
"FIN","PASSTRANSP","RAIL","MLN_PKM","A","1982",3326,
"FIN","PASSTRANSP","RAIL","MLN_PKM","A","1983",3339,
"FIN","PASSTRANSP","RAIL","MLN_PKM","A","1984",3276,
"FIN","PASSTRANSP","RAIL","MLN_PKM","A","1985",3224,
"FIN","PASSTRANSP","RAIL","MLN_PKM","A","1986",2676,
"FIN","PASSTRANSP","RAIL","MLN_PKM","A","1987",3062,
"FIN","PASSTRANSP","RAIL","MLN_PKM","A","1988",3147,
"FIN","PASSTRANSP","RAIL","MLN_PKM","A","1989",3208,
"FIN","PASSTRANSP","RAIL","MLN_PKM","A","1990",3331,
"FIN","PASSTRANSP","RAIL","MLN_PKM","A","1991",3229,
"FIN","PASSTRANSP","RAIL","MLN_PKM","A","1992",3057,
"FIN","PASSTRANSP","RAIL","MLN_PKM","A","1993",3007,
"FIN","PASSTRANSP","RAIL","MLN_PKM","A","1994",3037,
"FIN","PASSTRANSP","RAIL","MLN_PKM","A","1995",3184,
"FIN","PASSTRANSP","RAIL","MLN_PKM","A","1996",3254,
"FIN","PASSTRANSP","RAIL","MLN_PKM","A","1997",3376,
"FIN","PASSTRANSP","RAIL","MLN_PKM","A","1998",3377,
"FIN","PASSTRANSP","RAIL","MLN_PKM","A","1999",3415,
"FIN","PASSTRANSP","RAIL","MLN_PKM","A","2000",3405,
"FIN","PASSTRANSP","RAIL","MLN_PKM","A","2001",3282,
"FIN","PASSTRANSP","RAIL","MLN_PKM","A","2002",3318,
"FIN","PASSTRANSP","RAIL","MLN_PKM","A","2003",3338,
"FIN","PASSTRANSP","RAIL","MLN_PKM","A","2004",3352,
"FIN","PASSTRANSP","RAIL","MLN_PKM","A","2005",3478,
"FIN","PASSTRANSP","RAIL","MLN_PKM","A","2006",3540,
"FIN","PASSTRANSP","RAIL","MLN_PKM","A","2007",3778,
"FIN","PASSTRANSP","RAIL","MLN_PKM","A","2008",4052,
"FIN","PASSTRANSP","RAIL","MLN_PKM","A","2009",3876,
"FIN","PASSTRANSP","RAIL","MLN_PKM","A","2010",3959,
"FIN","PASSTRANSP","RAIL","MLN_PKM","A","2011",3882,
"FIN","PASSTRANSP","RAIL","MLN_PKM","A","2012",4035,
"FIN","PASSTRANSP","RAIL","MLN_PKM","A","2013",4053,
"FIN","PASSTRANSP","RAIL","MLN_PKM","A","2014",3874,
"FIN","PASSTRANSP","RAIL","MLN_PKM","A","2015",4113,"B"
"FIN","PASSTRANSP","RAIL","MLN_PKM","A","2016",3868,
"FIN","PASSTRANSP","RAIL","MLN_PKM","A","2017",4271,
"FIN","PASSTRANSP","RAIL","MLN_PKM","A","2018",4534,
"FIN","PASSTRANSP","RAIL","MLN_PKM","A","2019",4924,
"FIN","PASSTRANSP","RAIL","MLN_PKM","A","2020",2820,
"FIN","PASSTRANSP","RAIL","MLN_PKM","A","2021",2903,
"FIN","PASSTRANSP","RAIL","MLN_PKM","A","2022",4572,
"FRA","PASSTRANSP","RAIL","MLN_PKM","A","1970",40980,
"FRA","PASSTRANSP","RAIL","MLN_PKM","A","1971",41140,
"FRA","PASSTRANSP","RAIL","MLN_PKM","A","1972",43230,
"FRA","PASSTRANSP","RAIL","MLN_PKM","A","1973",44700,
"FRA","PASSTRANSP","RAIL","MLN_PKM","A","1974",47310,
"FRA","PASSTRANSP","RAIL","MLN_PKM","A","1975",50700,
"FRA","PASSTRANSP","RAIL","MLN_PKM","A","1976",51080,
"FRA","PASSTRANSP","RAIL","MLN_PKM","A","1977",51990,
"FRA","PASSTRANSP","RAIL","MLN_PKM","A","1978",53660,
"FRA","PASSTRANSP","RAIL","MLN_PKM","A","1979",53740,
"FRA","PASSTRANSP","RAIL","MLN_PKM","A","1980",53710,
"FRA","PASSTRANSP","RAIL","MLN_PKM","A","1981",55540,
"FRA","PASSTRANSP","RAIL","MLN_PKM","A","1982",56700,
"FRA","PASSTRANSP","RAIL","MLN_PKM","A","1983",58440,
"FRA","PASSTRANSP","RAIL","MLN_PKM","A","1984",60230,
"FRA","PASSTRANSP","RAIL","MLN_PKM","A","1985",61910,
"FRA","PASSTRANSP","RAIL","MLN_PKM","A","1986",59620,
"FRA","PASSTRANSP","RAIL","MLN_PKM","A","1987",59670,
"FRA","PASSTRANSP","RAIL","MLN_PKM","A","1988",62930,
"FRA","PASSTRANSP","RAIL","MLN_PKM","A","1989",64030,
"FRA","PASSTRANSP","RAIL","MLN_PKM","A","1990",75112,"B"
"FRA","PASSTRANSP","RAIL","MLN_PKM","A","1991",73581,
"FRA","PASSTRANSP","RAIL","MLN_PKM","A","1992",74413,
"FRA","PASSTRANSP","RAIL","MLN_PKM","A","1993",69826,
"FRA","PASSTRANSP","RAIL","MLN_PKM","A","1994",70418,
"FRA","PASSTRANSP","RAIL","MLN_PKM","A","1995",64444,
"FRA","PASSTRANSP","RAIL","MLN_PKM","A","1996",69183,
"FRA","PASSTRANSP","RAIL","MLN_PKM","A","1997",71016,
"FRA","PASSTRANSP","RAIL","MLN_PKM","A","1998",75175,
"FRA","PASSTRANSP","RAIL","MLN_PKM","A","1999",77111,
"FRA","PASSTRANSP","RAIL","MLN_PKM","A","2000",82253,
"FRA","PASSTRANSP","RAIL","MLN_PKM","A","2001",84180,
"FRA","PASSTRANSP","RAIL","MLN_PKM","A","2002",86186,
"FRA","PASSTRANSP","RAIL","MLN_PKM","A","2003",84151,
"FRA","PASSTRANSP","RAIL","MLN_PKM","A","2004",88567,
"FRA","PASSTRANSP","RAIL","MLN_PKM","A","2005",90859,
"FRA","PASSTRANSP","RAIL","MLN_PKM","A","2006",94590,
"FRA","PASSTRANSP","RAIL","MLN_PKM","A","2007",96709,
"FRA","PASSTRANSP","RAIL","MLN_PKM","A","2008",102721,
"FRA","PASSTRANSP","RAIL","MLN_PKM","A","2009",101821,
"FRA","PASSTRANSP","RAIL","MLN_PKM","A","2010",102167,
"FRA","PASSTRANSP","RAIL","MLN_PKM","A","2011",105596,
"FRA","PASSTRANSP","RAIL","MLN_PKM","A","2012",105957,
"FRA","PASSTRANSP","RAIL","MLN_PKM","A","2013",105214,
"FRA","PASSTRANSP","RAIL","MLN_PKM","A","2014",104589,
"FRA","PASSTRANSP","RAIL","MLN_PKM","A","2015",104849,
"FRA","PASSTRANSP","RAIL","MLN_PKM","A","2016",104207,
"FRA","PASSTRANSP","RAIL","MLN_PKM","A","2017",110469,
"FRA","PASSTRANSP","RAIL","MLN_PKM","A","2018",107873,
"FRA","PASSTRANSP","RAIL","MLN_PKM","A","2019",112309,
"FRA","PASSTRANSP","RAIL","MLN_PKM","A","2020",64816,
"FRA","PASSTRANSP","RAIL","MLN_PKM","A","2021",86419,
"FRA","PASSTRANSP","RAIL","MLN_PKM","A","2022",117852,
"DEU","PASSTRANSP","RAIL","MLN_PKM","A","1970",38483,
"DEU","PASSTRANSP","RAIL","MLN_PKM","A","1971",39524,
"DEU","PASSTRANSP","RAIL","MLN_PKM","A","1972",40528,
"DEU","PASSTRANSP","RAIL","MLN_PKM","A","1973",40756,
"DEU","PASSTRANSP","RAIL","MLN_PKM","A","1974",41646,
"DEU","PASSTRANSP","RAIL","MLN_PKM","A","1975",38586,
"DEU","PASSTRANSP","RAIL","MLN_PKM","A","1976",37175,
"DEU","PASSTRANSP","RAIL","MLN_PKM","A","1977",37348,
"DEU","PASSTRANSP","RAIL","MLN_PKM","A","1978",37589,
"DEU","PASSTRANSP","RAIL","MLN_PKM","A","1979",39431,
"DEU","PASSTRANSP","RAIL","MLN_PKM","A","1980",40499,
"DEU","PASSTRANSP","RAIL","MLN_PKM","A","1981",41795,
"DEU","PASSTRANSP","RAIL","MLN_PKM","A","1982",40030,
"DEU","PASSTRANSP","RAIL","MLN_PKM","A","1983",38755,
"DEU","PASSTRANSP","RAIL","MLN_PKM","A","1984",39075,
"DEU","PASSTRANSP","RAIL","MLN_PKM","A","1985",42707,
"DEU","PASSTRANSP","RAIL","MLN_PKM","A","1986",41397,
"DEU","PASSTRANSP","RAIL","MLN_PKM","A","1987",39200,
"DEU","PASSTRANSP","RAIL","MLN_PKM","A","1988",41000,
"DEU","PASSTRANSP","RAIL","MLN_PKM","A","1989",41100,
"DEU","PASSTRANSP","RAIL","MLN_PKM","A","1990",43600,
"DEU","PASSTRANSP","RAIL","MLN_PKM","A","1991",55300,"B"
"DEU","PASSTRANSP","RAIL","MLN_PKM","A","1992",56300,
"DEU","PASSTRANSP","RAIL","MLN_PKM","A","1993",63361,"B"
"DEU","PASSTRANSP","RAIL","MLN_PKM","A","1994",65169,
"DEU","PASSTRANSP","RAIL","MLN_PKM","A","1995",70977,
"DEU","PASSTRANSP","RAIL","MLN_PKM","A","1996",71730,
"DEU","PASSTRANSP","RAIL","MLN_PKM","A","1997",72403,
"DEU","PASSTRANSP","RAIL","MLN_PKM","A","1998",72666,
"DEU","PASSTRANSP","RAIL","MLN_PKM","A","1999",73796,
"DEU","PASSTRANSP","RAIL","MLN_PKM","A","2000",75404,
"DEU","PASSTRANSP","RAIL","MLN_PKM","A","2001",75754,
"DEU","PASSTRANSP","RAIL","MLN_PKM","A","2002",71366,
"DEU","PASSTRANSP","RAIL","MLN_PKM","A","2003",71293,
"DEU","PASSTRANSP","RAIL","MLN_PKM","A","2004",72879,
"DEU","PASSTRANSP","RAIL","MLN_PKM","A","2005",76824,
"DEU","PASSTRANSP","RAIL","MLN_PKM","A","2006",78995,
"DEU","PASSTRANSP","RAIL","MLN_PKM","A","2007",79107,
"DEU","PASSTRANSP","RAIL","MLN_PKM","A","2008",82539,
"DEU","PASSTRANSP","RAIL","MLN_PKM","A","2009",82253,
"DEU","PASSTRANSP","RAIL","MLN_PKM","A","2010",83886,
"DEU","PASSTRANSP","RAIL","MLN_PKM","A","2011",85414,
"DEU","PASSTRANSP","RAIL","MLN_PKM","A","2012",88796,
"DEU","PASSTRANSP","RAIL","MLN_PKM","A","2013",89615,
"DEU","PASSTRANSP","RAIL","MLN_PKM","A","2014",90976,
"DEU","PASSTRANSP","RAIL","MLN_PKM","A","2015",91603,
"DEU","PASSTRANSP","RAIL","MLN_PKM","A","2016",94197,
"DEU","PASSTRANSP","RAIL","MLN_PKM","A","2017",95530,
"DEU","PASSTRANSP","RAIL","MLN_PKM","A","2018",98170,
"DEU","PASSTRANSP","RAIL","MLN_PKM","A","2019",102026,
"DEU","PASSTRANSP","RAIL","MLN_PKM","A","2020",58822,
"DEU","PASSTRANSP","RAIL","MLN_PKM","A","2021",57533,"P"
"GRC","PASSTRANSP","RAIL","MLN_PKM","A","1970",1531,
"GRC","PASSTRANSP","RAIL","MLN_PKM","A","1971",1635,
"GRC","PASSTRANSP","RAIL","MLN_PKM","A","1972",1563,
"GRC","PASSTRANSP","RAIL","MLN_PKM","A","1973",1615,
"GRC","PASSTRANSP","RAIL","MLN_PKM","A","1974",1594,
"GRC","PASSTRANSP","RAIL","MLN_PKM","A","1975",1553,
"GRC","PASSTRANSP","RAIL","MLN_PKM","A","1976",1583,
"GRC","PASSTRANSP","RAIL","MLN_PKM","A","1977",1623,
"GRC","PASSTRANSP","RAIL","MLN_PKM","A","1978",1568,
"GRC","PASSTRANSP","RAIL","MLN_PKM","A","1979",1531,
"GRC","PASSTRANSP","RAIL","MLN_PKM","A","1980",1464,
"GRC","PASSTRANSP","RAIL","MLN_PKM","A","1981",1515,
"GRC","PASSTRANSP","RAIL","MLN_PKM","A","1982",1501,
"GRC","PASSTRANSP","RAIL","MLN_PKM","A","1983",1629,
"GRC","PASSTRANSP","RAIL","MLN_PKM","A","1984",1652,
"GRC","PASSTRANSP","RAIL","MLN_PKM","A","1985",1732,
"GRC","PASSTRANSP","RAIL","MLN_PKM","A","1986",1950,
"GRC","PASSTRANSP","RAIL","MLN_PKM","A","1987",1973,
"GRC","PASSTRANSP","RAIL","MLN_PKM","A","1988",1963,
"GRC","PASSTRANSP","RAIL","MLN_PKM","A","1989",2011,
"GRC","PASSTRANSP","RAIL","MLN_PKM","A","1990",1978,
"GRC","PASSTRANSP","RAIL","MLN_PKM","A","1991",1995,
"GRC","PASSTRANSP","RAIL","MLN_PKM","A","1992",2046,
"GRC","PASSTRANSP","RAIL","MLN_PKM","A","1993",1726,
"GRC","PASSTRANSP","RAIL","MLN_PKM","A","1994",1599,
"GRC","PASSTRANSP","RAIL","MLN_PKM","A","1995",1568,
"GRC","PASSTRANSP","RAIL","MLN_PKM","A","1996",1751,
"GRC","PASSTRANSP","RAIL","MLN_PKM","A","1997",1812,
"GRC","PASSTRANSP","RAIL","MLN_PKM","A","1998",1551,
"GRC","PASSTRANSP","RAIL","MLN_PKM","A","1999",1882,
"GRC","PASSTRANSP","RAIL","MLN_PKM","A","2000",1628,
"GRC","PASSTRANSP","RAIL","MLN_PKM","A","2001",1797,
"GRC","PASSTRANSP","RAIL","MLN_PKM","A","2002",1836,
"GRC","PASSTRANSP","RAIL","MLN_PKM","A","2003",1574,
"GRC","PASSTRANSP","RAIL","MLN_PKM","A","2004",1669,
"GRC","PASSTRANSP","RAIL","MLN_PKM","A","2005",1854,
"GRC","PASSTRANSP","RAIL","MLN_PKM","A","2006",1811,
"GRC","PASSTRANSP","RAIL","MLN_PKM","A","2007",1930,
"GRC","PASSTRANSP","RAIL","MLN_PKM","A","2008",1657,
"GRC","PASSTRANSP","RAIL","MLN_PKM","A","2009",1414,
"GRC","PASSTRANSP","RAIL","MLN_PKM","A","2010",1337,
"GRC","PASSTRANSP","RAIL","MLN_PKM","A","2011",958,
"GRC","PASSTRANSP","RAIL","MLN_PKM","A","2012",832,"E"
"GRC","PASSTRANSP","RAIL","MLN_PKM","A","2013",755,"E"
"GRC","PASSTRANSP","RAIL","MLN_PKM","A","2014",1072,
"GRC","PASSTRANSP","RAIL","MLN_PKM","A","2015",1263,
"GRC","PASSTRANSP","RAIL","MLN_PKM","A","2016",1192,
"GRC","PASSTRANSP","RAIL","MLN_PKM","A","2017",1109,
"GRC","PASSTRANSP","RAIL","MLN_PKM","A","2018",1104,
"GRC","PASSTRANSP","RAIL","MLN_PKM","A","2019",1252,
"GRC","PASSTRANSP","RAIL","MLN_PKM","A","2020",640,
"GRC","PASSTRANSP","RAIL","MLN_PKM","A","2021",653,
"GRC","PASSTRANSP","RAIL","MLN_PKM","A","2022",1117,
"HUN","PASSTRANSP","RAIL","MLN_PKM","A","1970",15168,
"HUN","PASSTRANSP","RAIL","MLN_PKM","A","1971",14728,
"HUN","PASSTRANSP","RAIL","MLN_PKM","A","1972",14982,
"HUN","PASSTRANSP","RAIL","MLN_PKM","A","1973",14904,
"HUN","PASSTRANSP","RAIL","MLN_PKM","A","1974",15359,
"HUN","PASSTRANSP","RAIL","MLN_PKM","A","1975",14761,
"HUN","PASSTRANSP","RAIL","MLN_PKM","A","1976",14541,
"HUN","PASSTRANSP","RAIL","MLN_PKM","A","1977",14387,
"HUN","PASSTRANSP","RAIL","MLN_PKM","A","1978",13944,
"HUN","PASSTRANSP","RAIL","MLN_PKM","A","1979",13647,
"HUN","PASSTRANSP","RAIL","MLN_PKM","A","1980",13714,
"HUN","PASSTRANSP","RAIL","MLN_PKM","A","1981",13545,
"HUN","PASSTRANSP","RAIL","MLN_PKM","A","1982",13071,
"HUN","PASSTRANSP","RAIL","MLN_PKM","A","1983",11105,
"HUN","PASSTRANSP","RAIL","MLN_PKM","A","1984",11274,
"HUN","PASSTRANSP","RAIL","MLN_PKM","A","1985",11209,
"HUN","PASSTRANSP","RAIL","MLN_PKM","A","1986",11224,
"HUN","PASSTRANSP","RAIL","MLN_PKM","A","1987",11324,
"HUN","PASSTRANSP","RAIL","MLN_PKM","A","1988",11512,
"HUN","PASSTRANSP","RAIL","MLN_PKM","A","1989",11871,
"HUN","PASSTRANSP","RAIL","MLN_PKM","A","1990",11403,
"HUN","PASSTRANSP","RAIL","MLN_PKM","A","1991",9861,
"HUN","PASSTRANSP","RAIL","MLN_PKM","A","1992",9183,
"HUN","PASSTRANSP","RAIL","MLN_PKM","A","1993",8772,
"HUN","PASSTRANSP","RAIL","MLN_PKM","A","1994",8568,
"HUN","PASSTRANSP","RAIL","MLN_PKM","A","1995",8336,
"HUN","PASSTRANSP","RAIL","MLN_PKM","A","1996",8582,
"HUN","PASSTRANSP","RAIL","MLN_PKM","A","1997",8672,
"HUN","PASSTRANSP","RAIL","MLN_PKM","A","1998",8884,
"HUN","PASSTRANSP","RAIL","MLN_PKM","A","1999",9514,
"HUN","PASSTRANSP","RAIL","MLN_PKM","A","2000",9693,
"HUN","PASSTRANSP","RAIL","MLN_PKM","A","2001",10005,
"HUN","PASSTRANSP","RAIL","MLN_PKM","A","2002",10531,
"HUN","PASSTRANSP","RAIL","MLN_PKM","A","2003",10286,
"HUN","PASSTRANSP","RAIL","MLN_PKM","A","2004",10544,
"HUN","PASSTRANSP","RAIL","MLN_PKM","A","2005",9880,
"HUN","PASSTRANSP","RAIL","MLN_PKM","A","2006",9584,
"HUN","PASSTRANSP","RAIL","MLN_PKM","A","2007",8752,
"HUN","PASSTRANSP","RAIL","MLN_PKM","A","2008",8293,
"HUN","PASSTRANSP","RAIL","MLN_PKM","A","2009",8073,
"HUN","PASSTRANSP","RAIL","MLN_PKM","A","2010",7692,
"HUN","PASSTRANSP","RAIL","MLN_PKM","A","2011",7806,
"HUN","PASSTRANSP","RAIL","MLN_PKM","A","2012",7806,
"HUN","PASSTRANSP","RAIL","MLN_PKM","A","2013",7843,
"HUN","PASSTRANSP","RAIL","MLN_PKM","A","2014",7738,
"HUN","PASSTRANSP","RAIL","MLN_PKM","A","2015",7609.161,
"HUN","PASSTRANSP","RAIL","MLN_PKM","A","2016",7653.455,
"HUN","PASSTRANSP","RAIL","MLN_PKM","A","2017",7730.982,
"HUN","PASSTRANSP","RAIL","MLN_PKM","A","2018",7769.56,
"HUN","PASSTRANSP","RAIL","MLN_PKM","A","2019",7751.606,
"HUN","PASSTRANSP","RAIL","MLN_PKM","A","2020",4854.225,
"HUN","PASSTRANSP","RAIL","MLN_PKM","A","2021",5435.389,
"HUN","PASSTRANSP","RAIL","MLN_PKM","A","2022",7816.94,
"IRL","PASSTRANSP","RAIL","MLN_PKM","A","1970",755,
"IRL","PASSTRANSP","RAIL","MLN_PKM","A","1971",783,
"IRL","PASSTRANSP","RAIL","MLN_PKM","A","1972",844,
"IRL","PASSTRANSP","RAIL","MLN_PKM","A","1973",875,
"IRL","PASSTRANSP","RAIL","MLN_PKM","A","1974",923,
"IRL","PASSTRANSP","RAIL","MLN_PKM","A","1975",899,
"IRL","PASSTRANSP","RAIL","MLN_PKM","A","1976",788,
"IRL","PASSTRANSP","RAIL","MLN_PKM","A","1977",876,
"IRL","PASSTRANSP","RAIL","MLN_PKM","A","1978",966,
"IRL","PASSTRANSP","RAIL","MLN_PKM","A","1979",1113,
"IRL","PASSTRANSP","RAIL","MLN_PKM","A","1980",1032,
"IRL","PASSTRANSP","RAIL","MLN_PKM","A","1981",995,
"IRL","PASSTRANSP","RAIL","MLN_PKM","A","1982",887,
"IRL","PASSTRANSP","RAIL","MLN_PKM","A","1983",846,
"IRL","PASSTRANSP","RAIL","MLN_PKM","A","1984",903,
"IRL","PASSTRANSP","RAIL","MLN_PKM","A","1985",1023,
"IRL","PASSTRANSP","RAIL","MLN_PKM","A","1986",1075,
"IRL","PASSTRANSP","RAIL","MLN_PKM","A","1987",1196,
"IRL","PASSTRANSP","RAIL","MLN_PKM","A","1988",1180,
"IRL","PASSTRANSP","RAIL","MLN_PKM","A","1989",1220,
"IRL","PASSTRANSP","RAIL","MLN_PKM","A","1990",1226,
"IRL","PASSTRANSP","RAIL","MLN_PKM","A","1991",1290,
"IRL","PASSTRANSP","RAIL","MLN_PKM","A","1992",1226,
"IRL","PASSTRANSP","RAIL","MLN_PKM","A","1993",1274,
"IRL","PASSTRANSP","RAIL","MLN_PKM","A","1994",1260,
"IRL","PASSTRANSP","RAIL","MLN_PKM","A","1995",1291,
"IRL","PASSTRANSP","RAIL","MLN_PKM","A","1996",1295,
"IRL","PASSTRANSP","RAIL","MLN_PKM","A","1997",1387,
"IRL","PASSTRANSP","RAIL","MLN_PKM","A","1998",1421,
"IRL","PASSTRANSP","RAIL","MLN_PKM","A","1999",1458,
"IRL","PASSTRANSP","RAIL","MLN_PKM","A","2000",1389,
"IRL","PASSTRANSP","RAIL","MLN_PKM","A","2001",1515,
"IRL","PASSTRANSP","RAIL","MLN_PKM","A","2002",1628,
"IRL","PASSTRANSP","RAIL","MLN_PKM","A","2003",1601,
"IRL","PASSTRANSP","RAIL","MLN_PKM","A","2004",1582,
"IRL","PASSTRANSP","RAIL","MLN_PKM","A","2005",1781,
"IRL","PASSTRANSP","RAIL","MLN_PKM","A","2006",1872,
"IRL","PASSTRANSP","RAIL","MLN_PKM","A","2007",2007,
"IRL","PASSTRANSP","RAIL","MLN_PKM","A","2008",1976,
"IRL","PASSTRANSP","RAIL","MLN_PKM","A","2009",1683,
"IRL","PASSTRANSP","RAIL","MLN_PKM","A","2010",1678,
"IRL","PASSTRANSP","RAIL","MLN_PKM","A","2011",1638,
"IRL","PASSTRANSP","RAIL","MLN_PKM","A","2012",1578,
"IRL","PASSTRANSP","RAIL","MLN_PKM","A","2013",1592,
"IRL","PASSTRANSP","RAIL","MLN_PKM","A","2014",1863,
"IRL","PASSTRANSP","RAIL","MLN_PKM","A","2015",1917,
"IRL","PASSTRANSP","RAIL","MLN_PKM","A","2016",1990,
"IRL","PASSTRANSP","RAIL","MLN_PKM","A","2017",2121,
"IRL","PASSTRANSP","RAIL","MLN_PKM","A","2018",2281,
"IRL","PASSTRANSP","RAIL","MLN_PKM","A","2019",2399,
"IRL","PASSTRANSP","RAIL","MLN_PKM","A","2020",834,
"IRL","PASSTRANSP","RAIL","MLN_PKM","A","2021",870,
"IRL","PASSTRANSP","RAIL","MLN_PKM","A","2022",1748,
"ITA","PASSTRANSP","RAIL","MLN_PKM","A","1970",32457,
"ITA","PASSTRANSP","RAIL","MLN_PKM","A","1971",33948,
"ITA","PASSTRANSP","RAIL","MLN_PKM","A","1972",35394,
"ITA","PASSTRANSP","RAIL","MLN_PKM","A","1973",36359,
"ITA","PASSTRANSP","RAIL","MLN_PKM","A","1974",37880,
"ITA","PASSTRANSP","RAIL","MLN_PKM","A","1975",36332,
"ITA","PASSTRANSP","RAIL","MLN_PKM","A","1976",39118,
"ITA","PASSTRANSP","RAIL","MLN_PKM","A","1977",36361,
"ITA","PASSTRANSP","RAIL","MLN_PKM","A","1978",39211,
"ITA","PASSTRANSP","RAIL","MLN_PKM","A","1979",39688,
"ITA","PASSTRANSP","RAIL","MLN_PKM","A","1980",39587,
"ITA","PASSTRANSP","RAIL","MLN_PKM","A","1981",40090,
"ITA","PASSTRANSP","RAIL","MLN_PKM","A","1982",39542,
"ITA","PASSTRANSP","RAIL","MLN_PKM","A","1983",38840,
"ITA","PASSTRANSP","RAIL","MLN_PKM","A","1984",39045,
"ITA","PASSTRANSP","RAIL","MLN_PKM","A","1985",37401,
"ITA","PASSTRANSP","RAIL","MLN_PKM","A","1986",40500,
"ITA","PASSTRANSP","RAIL","MLN_PKM","A","1987",41395,
"ITA","PASSTRANSP","RAIL","MLN_PKM","A","1988",43343,
"ITA","PASSTRANSP","RAIL","MLN_PKM","A","1989",44443,
"ITA","PASSTRANSP","RAIL","MLN_PKM","A","1990",44709,
"ITA","PASSTRANSP","RAIL","MLN_PKM","A","1991",45065,
"ITA","PASSTRANSP","RAIL","MLN_PKM","A","1992",44409,
"ITA","PASSTRANSP","RAIL","MLN_PKM","A","1993",42720,
"ITA","PASSTRANSP","RAIL","MLN_PKM","A","1994",43375,
"ITA","PASSTRANSP","RAIL","MLN_PKM","A","1995",43859,
"ITA","PASSTRANSP","RAIL","MLN_PKM","A","1996",44782,
"ITA","PASSTRANSP","RAIL","MLN_PKM","A","1997",43591,
"ITA","PASSTRANSP","RAIL","MLN_PKM","A","1998",41392,
"ITA","PASSTRANSP","RAIL","MLN_PKM","A","1999",43424,
"ITA","PASSTRANSP","RAIL","MLN_PKM","A","2000",47133,
"ITA","PASSTRANSP","RAIL","MLN_PKM","A","2001",46752,
"ITA","PASSTRANSP","RAIL","MLN_PKM","A","2002",45956,
"ITA","PASSTRANSP","RAIL","MLN_PKM","A","2003",45222,
"ITA","PASSTRANSP","RAIL","MLN_PKM","A","2004",49254,"B"
"ITA","PASSTRANSP","RAIL","MLN_PKM","A","2005",50088,
"ITA","PASSTRANSP","RAIL","MLN_PKM","A","2006",50185,
"ITA","PASSTRANSP","RAIL","MLN_PKM","A","2007",49780,
"ITA","PASSTRANSP","RAIL","MLN_PKM","A","2008",49524,
"ITA","PASSTRANSP","RAIL","MLN_PKM","A","2009",48124,
"ITA","PASSTRANSP","RAIL","MLN_PKM","A","2010",47172,
"ITA","PASSTRANSP","RAIL","MLN_PKM","A","2011",46845,
"ITA","PASSTRANSP","RAIL","MLN_PKM","A","2012",46759,
"ITA","PASSTRANSP","RAIL","MLN_PKM","A","2013",48739,
"ITA","PASSTRANSP","RAIL","MLN_PKM","A","2014",49957,
"ITA","PASSTRANSP","RAIL","MLN_PKM","A","2015",52207,
"ITA","PASSTRANSP","RAIL","MLN_PKM","A","2016",52178,"B"
"ITA","PASSTRANSP","RAIL","MLN_PKM","A","2017",53231,
"ITA","PASSTRANSP","RAIL","MLN_PKM","A","2018",55493,
"ITA","PASSTRANSP","RAIL","MLN_PKM","A","2019",56586,
"ITA","PASSTRANSP","RAIL","MLN_PKM","A","2020",22269,
"ITA","PASSTRANSP","RAIL","MLN_PKM","A","2021",27693,
"ITA","PASSTRANSP","RAIL","MLN_PKM","A","2022",46498,"P"
"LUX","PASSTRANSP","RAIL","MLN_PKM","A","1970",205,
"LUX","PASSTRANSP","RAIL","MLN_PKM","A","1971",207,
"LUX","PASSTRANSP","RAIL","MLN_PKM","A","1972",208,
"LUX","PASSTRANSP","RAIL","MLN_PKM","A","1973",217,
"LUX","PASSTRANSP","RAIL","MLN_PKM","A","1974",231,
"LUX","PASSTRANSP","RAIL","MLN_PKM","A","1975",234,
"LUX","PASSTRANSP","RAIL","MLN_PKM","A","1976",240,
"LUX","PASSTRANSP","RAIL","MLN_PKM","A","1977",240,
"LUX","PASSTRANSP","RAIL","MLN_PKM","A","1978",239,
"LUX","PASSTRANSP","RAIL","MLN_PKM","A","1979",241,
"LUX","PASSTRANSP","RAIL","MLN_PKM","A","1980",246,
"LUX","PASSTRANSP","RAIL","MLN_PKM","A","1981",252,
"LUX","PASSTRANSP","RAIL","MLN_PKM","A","1982",251,
"LUX","PASSTRANSP","RAIL","MLN_PKM","A","1983",239,
"LUX","PASSTRANSP","RAIL","MLN_PKM","A","1984",232,
"LUX","PASSTRANSP","RAIL","MLN_PKM","A","1985",229,
"LUX","PASSTRANSP","RAIL","MLN_PKM","A","1986",224,
"LUX","PASSTRANSP","RAIL","MLN_PKM","A","1987",216,
"LUX","PASSTRANSP","RAIL","MLN_PKM","A","1988",223,
"LUX","PASSTRANSP","RAIL","MLN_PKM","A","1989",224,
"LUX","PASSTRANSP","RAIL","MLN_PKM","A","1990",208,
"LUX","PASSTRANSP","RAIL","MLN_PKM","A","1991",227,
"LUX","PASSTRANSP","RAIL","MLN_PKM","A","1992",255,
"LUX","PASSTRANSP","RAIL","MLN_PKM","A","1993",262,
"LUX","PASSTRANSP","RAIL","MLN_PKM","A","1994",289,
"LUX","PASSTRANSP","RAIL","MLN_PKM","A","1995",286,
"LUX","PASSTRANSP","RAIL","MLN_PKM","A","1996",284,
"LUX","PASSTRANSP","RAIL","MLN_PKM","A","1997",295,
"LUX","PASSTRANSP","RAIL","MLN_PKM","A","1998",300,
"LUX","PASSTRANSP","RAIL","MLN_PKM","A","1999",310,
"LUX","PASSTRANSP","RAIL","MLN_PKM","A","2000",332,
"LUX","PASSTRANSP","RAIL","MLN_PKM","A","2001",346,
"LUX","PASSTRANSP","RAIL","MLN_PKM","A","2002",268,
"LUX","PASSTRANSP","RAIL","MLN_PKM","A","2003",262,
"LUX","PASSTRANSP","RAIL","MLN_PKM","A","2004",266,
"LUX","PASSTRANSP","RAIL","MLN_PKM","A","2005",272,
"LUX","PASSTRANSP","RAIL","MLN_PKM","A","2006",298,
"LUX","PASSTRANSP","RAIL","MLN_PKM","A","2007",316,
"LUX","PASSTRANSP","RAIL","MLN_PKM","A","2008",345,
"LUX","PASSTRANSP","RAIL","MLN_PKM","A","2009",333,
"LUX","PASSTRANSP","RAIL","MLN_PKM","A","2010",347,
"LUX","PASSTRANSP","RAIL","MLN_PKM","A","2011",349,
"LUX","PASSTRANSP","RAIL","MLN_PKM","A","2012",373,
"LUX","PASSTRANSP","RAIL","MLN_PKM","A","2013",394,
"LUX","PASSTRANSP","RAIL","MLN_PKM","A","2014",409,
"LUX","PASSTRANSP","RAIL","MLN_PKM","A","2015",418,
"LUX","PASSTRANSP","RAIL","MLN_PKM","A","2016",418,
"LUX","PASSTRANSP","RAIL","MLN_PKM","A","2017",438,
"LUX","PASSTRANSP","RAIL","MLN_PKM","A","2018",442,
"LUX","PASSTRANSP","RAIL","MLN_PKM","A","2019",463,
"LUX","PASSTRANSP","RAIL","MLN_PKM","A","2020",269,
"LUX","PASSTRANSP","RAIL","MLN_PKM","A","2021",304,
"LUX","PASSTRANSP","RAIL","MLN_PKM","A","2022",389,
"NLD","PASSTRANSP","RAIL","MLN_PKM","A","1970",8011,
"NLD","PASSTRANSP","RAIL","MLN_PKM","A","1971",8114,
"NLD","PASSTRANSP","RAIL","MLN_PKM","A","1972",8039,
"NLD","PASSTRANSP","RAIL","MLN_PKM","A","1973",8173,
"NLD","PASSTRANSP","RAIL","MLN_PKM","A","1974",8589,
"NLD","PASSTRANSP","RAIL","MLN_PKM","A","1975",8501,
"NLD","PASSTRANSP","RAIL","MLN_PKM","A","1976",8218,
"NLD","PASSTRANSP","RAIL","MLN_PKM","A","1977",8013,
"NLD","PASSTRANSP","RAIL","MLN_PKM","A","1978",8146,
"NLD","PASSTRANSP","RAIL","MLN_PKM","A","1979",8514,
"NLD","PASSTRANSP","RAIL","MLN_PKM","A","1980",8892,
"NLD","PASSTRANSP","RAIL","MLN_PKM","A","1981",9177,
"NLD","PASSTRANSP","RAIL","MLN_PKM","A","1982",9255,
"NLD","PASSTRANSP","RAIL","MLN_PKM","A","1983",8886,
"NLD","PASSTRANSP","RAIL","MLN_PKM","A","1984",8790,
"NLD","PASSTRANSP","RAIL","MLN_PKM","A","1985",9007,
"NLD","PASSTRANSP","RAIL","MLN_PKM","A","1986",8919,
"NLD","PASSTRANSP","RAIL","MLN_PKM","A","1987",9396,
"NLD","PASSTRANSP","RAIL","MLN_PKM","A","1988",9664,
"NLD","PASSTRANSP","RAIL","MLN_PKM","A","1989",10235,
"NLD","PASSTRANSP","RAIL","MLN_PKM","A","1990",11060,
"NLD","PASSTRANSP","RAIL","MLN_PKM","A","1991",13300,
"NLD","PASSTRANSP","RAIL","MLN_PKM","A","1992",14300,
"NLD","PASSTRANSP","RAIL","MLN_PKM","A","1993",13700,
"NLD","PASSTRANSP","RAIL","MLN_PKM","A","1994",12800,
"NLD","PASSTRANSP","RAIL","MLN_PKM","A","1995",13000,
"NLD","PASSTRANSP","RAIL","MLN_PKM","A","1996",13100,
"NLD","PASSTRANSP","RAIL","MLN_PKM","A","1997",14200,
"NLD","PASSTRANSP","RAIL","MLN_PKM","A","1998",14900,
"NLD","PASSTRANSP","RAIL","MLN_PKM","A","1999",15000,
"NLD","PASSTRANSP","RAIL","MLN_PKM","A","2000",15400,
"NLD","PASSTRANSP","RAIL","MLN_PKM","A","2001",15500,
"NLD","PASSTRANSP","RAIL","MLN_PKM","A","2002",15500,
"NLD","PASSTRANSP","RAIL","MLN_PKM","A","2003",14500,
"NLD","PASSTRANSP","RAIL","MLN_PKM","A","2004",14079,
"NLD","PASSTRANSP","RAIL","MLN_PKM","A","2005",14730,
"NLD","PASSTRANSP","RAIL","MLN_PKM","A","2006",15889,
"NLD","PASSTRANSP","RAIL","MLN_PKM","A","2007",15546,
"NLD","PASSTRANSP","RAIL","MLN_PKM","A","2008",15313,
"NLD","PASSTRANSP","RAIL","MLN_PKM","A","2009",15400,
"NLD","PASSTRANSP","RAIL","MLN_PKM","A","2010",14600,"B"
"NLD","PASSTRANSP","RAIL","MLN_PKM","A","2011",16500,
"NLD","PASSTRANSP","RAIL","MLN_PKM","A","2012",16100,
"NLD","PASSTRANSP","RAIL","MLN_PKM","A","2013",17700,
"NLD","PASSTRANSP","RAIL","MLN_PKM","A","2014",16200,
"NLD","PASSTRANSP","RAIL","MLN_PKM","A","2015",15800,
"NLD","PASSTRANSP","RAIL","MLN_PKM","A","2016",16900,
"NLD","PASSTRANSP","RAIL","MLN_PKM","A","2017",17800,
"NLD","PASSTRANSP","RAIL","MLN_PKM","A","2018",22600,
"NLD","PASSTRANSP","RAIL","MLN_PKM","A","2019",19400,
"NLD","PASSTRANSP","RAIL","MLN_PKM","A","2020",9200,
"NLD","PASSTRANSP","RAIL","MLN_PKM","A","2021",10900,
"NLD","PASSTRANSP","RAIL","MLN_PKM","A","2022",17100,
"POL","PASSTRANSP","RAIL","MLN_PKM","A","1970",36891,
"POL","PASSTRANSP","RAIL","MLN_PKM","A","1971",37228,
"POL","PASSTRANSP","RAIL","MLN_PKM","A","1972",38782,
"POL","PASSTRANSP","RAIL","MLN_PKM","A","1973",39647,
"POL","PASSTRANSP","RAIL","MLN_PKM","A","1974",41670,
"POL","PASSTRANSP","RAIL","MLN_PKM","A","1975",42819,
"POL","PASSTRANSP","RAIL","MLN_PKM","A","1976",42799,
"POL","PASSTRANSP","RAIL","MLN_PKM","A","1977",44312,
"POL","PASSTRANSP","RAIL","MLN_PKM","A","1978",46716,
"POL","PASSTRANSP","RAIL","MLN_PKM","A","1979",45473,
"POL","PASSTRANSP","RAIL","MLN_PKM","A","1980",46325,
"POL","PASSTRANSP","RAIL","MLN_PKM","A","1981",48238,
"POL","PASSTRANSP","RAIL","MLN_PKM","A","1982",49266,
"POL","PASSTRANSP","RAIL","MLN_PKM","A","1983",50153,
"POL","PASSTRANSP","RAIL","MLN_PKM","A","1984",53179,
"POL","PASSTRANSP","RAIL","MLN_PKM","A","1985",51978,
"POL","PASSTRANSP","RAIL","MLN_PKM","A","1986",48526,
"POL","PASSTRANSP","RAIL","MLN_PKM","A","1987",48285,
"POL","PASSTRANSP","RAIL","MLN_PKM","A","1988",52134,
"POL","PASSTRANSP","RAIL","MLN_PKM","A","1989",55888,
"POL","PASSTRANSP","RAIL","MLN_PKM","A","1990",50373,
"POL","PASSTRANSP","RAIL","MLN_PKM","A","1991",40115,
"POL","PASSTRANSP","RAIL","MLN_PKM","A","1992",32571,
"POL","PASSTRANSP","RAIL","MLN_PKM","A","1993",30865,
"POL","PASSTRANSP","RAIL","MLN_PKM","A","1994",27610,
"POL","PASSTRANSP","RAIL","MLN_PKM","A","1995",26635,
"POL","PASSTRANSP","RAIL","MLN_PKM","A","1996",26569,
"POL","PASSTRANSP","RAIL","MLN_PKM","A","1997",25806,
"POL","PASSTRANSP","RAIL","MLN_PKM","A","1998",25664,
"POL","PASSTRANSP","RAIL","MLN_PKM","A","1999",26198,
"POL","PASSTRANSP","RAIL","MLN_PKM","A","2000",24092,
"POL","PASSTRANSP","RAIL","MLN_PKM","A","2001",22469,
"POL","PASSTRANSP","RAIL","MLN_PKM","A","2002",20749,
"POL","PASSTRANSP","RAIL","MLN_PKM","A","2003",19638,
"POL","PASSTRANSP","RAIL","MLN_PKM","A","2004",18690,
"POL","PASSTRANSP","RAIL","MLN_PKM","A","2005",18157,
"POL","PASSTRANSP","RAIL","MLN_PKM","A","2006",18552,
"POL","PASSTRANSP","RAIL","MLN_PKM","A","2007",19859,
"POL","PASSTRANSP","RAIL","MLN_PKM","A","2008",20195,
"POL","PASSTRANSP","RAIL","MLN_PKM","A","2009",18637,
"POL","PASSTRANSP","RAIL","MLN_PKM","A","2010",17921,
"POL","PASSTRANSP","RAIL","MLN_PKM","A","2011",18177,
"POL","PASSTRANSP","RAIL","MLN_PKM","A","2012",17826,
"POL","PASSTRANSP","RAIL","MLN_PKM","A","2013",16797,
"POL","PASSTRANSP","RAIL","MLN_PKM","A","2014",16015,
"POL","PASSTRANSP","RAIL","MLN_PKM","A","2015",17367,
"POL","PASSTRANSP","RAIL","MLN_PKM","A","2016",19175,
"POL","PASSTRANSP","RAIL","MLN_PKM","A","2017",20319,
"POL","PASSTRANSP","RAIL","MLN_PKM","A","2018",21043,
"POL","PASSTRANSP","RAIL","MLN_PKM","A","2019",22056,
"POL","PASSTRANSP","RAIL","MLN_PKM","A","2020",12557,
"POL","PASSTRANSP","RAIL","MLN_PKM","A","2021",15917,
"POL","PASSTRANSP","RAIL","MLN_PKM","A","2022",23827,
"PRT","PASSTRANSP","RAIL","MLN_PKM","A","1970",3546,
"PRT","PASSTRANSP","RAIL","MLN_PKM","A","1971",3569,
"PRT","PASSTRANSP","RAIL","MLN_PKM","A","1972",3761,
"PRT","PASSTRANSP","RAIL","MLN_PKM","A","1973",4106,
"PRT","PASSTRANSP","RAIL","MLN_PKM","A","1974",4552,
"PRT","PASSTRANSP","RAIL","MLN_PKM","A","1975",4856,
"PRT","PASSTRANSP","RAIL","MLN_PKM","A","1976",5235,
"PRT","PASSTRANSP","RAIL","MLN_PKM","A","1977",5235,
"PRT","PASSTRANSP","RAIL","MLN_PKM","A","1978",5514,
"PRT","PASSTRANSP","RAIL","MLN_PKM","A","1979",5635,
"PRT","PASSTRANSP","RAIL","MLN_PKM","A","1980",6076,
"PRT","PASSTRANSP","RAIL","MLN_PKM","A","1981",5856,
"PRT","PASSTRANSP","RAIL","MLN_PKM","A","1982",5414,
"PRT","PASSTRANSP","RAIL","MLN_PKM","A","1983",5195,
"PRT","PASSTRANSP","RAIL","MLN_PKM","A","1984",5456,
"PRT","PASSTRANSP","RAIL","MLN_PKM","A","1985",5725,
"PRT","PASSTRANSP","RAIL","MLN_PKM","A","1986",5803,
"PRT","PASSTRANSP","RAIL","MLN_PKM","A","1987",5907,
"PRT","PASSTRANSP","RAIL","MLN_PKM","A","1988",6036,
"PRT","PASSTRANSP","RAIL","MLN_PKM","A","1989",5908,
"PRT","PASSTRANSP","RAIL","MLN_PKM","A","1990",5664,
"PRT","PASSTRANSP","RAIL","MLN_PKM","A","1991",5688,
"PRT","PASSTRANSP","RAIL","MLN_PKM","A","1992",5694,
"PRT","PASSTRANSP","RAIL","MLN_PKM","A","1993",5397,
"PRT","PASSTRANSP","RAIL","MLN_PKM","A","1994",5149,
"PRT","PASSTRANSP","RAIL","MLN_PKM","A","1995",4869,
"PRT","PASSTRANSP","RAIL","MLN_PKM","A","1996",4503,
"PRT","PASSTRANSP","RAIL","MLN_PKM","A","1997",4563,
"PRT","PASSTRANSP","RAIL","MLN_PKM","A","1998",4602,
"PRT","PASSTRANSP","RAIL","MLN_PKM","A","1999",4380,
"PRT","PASSTRANSP","RAIL","MLN_PKM","A","2000",3834,
"PRT","PASSTRANSP","RAIL","MLN_PKM","A","2001",3899,
"PRT","PASSTRANSP","RAIL","MLN_PKM","A","2002",3926,
"PRT","PASSTRANSP","RAIL","MLN_PKM","A","2003",3585,
"PRT","PASSTRANSP","RAIL","MLN_PKM","A","2004",3633,
"PRT","PASSTRANSP","RAIL","MLN_PKM","A","2005",3753,
"PRT","PASSTRANSP","RAIL","MLN_PKM","A","2006",3876,
"PRT","PASSTRANSP","RAIL","MLN_PKM","A","2007",3987,
"PRT","PASSTRANSP","RAIL","MLN_PKM","A","2008",4213,
"PRT","PASSTRANSP","RAIL","MLN_PKM","A","2009",4152,
"PRT","PASSTRANSP","RAIL","MLN_PKM","A","2010",4111,
"PRT","PASSTRANSP","RAIL","MLN_PKM","A","2011",4143,
"PRT","PASSTRANSP","RAIL","MLN_PKM","A","2012",3803,
"PRT","PASSTRANSP","RAIL","MLN_PKM","A","2013",3649,
"PRT","PASSTRANSP","RAIL","MLN_PKM","A","2014",3852,
"PRT","PASSTRANSP","RAIL","MLN_PKM","A","2015",3957,
"PRT","PASSTRANSP","RAIL","MLN_PKM","A","2016",4146,
"PRT","PASSTRANSP","RAIL","MLN_PKM","A","2017",4391,
"PRT","PASSTRANSP","RAIL","MLN_PKM","A","2018",4487,
"PRT","PASSTRANSP","RAIL","MLN_PKM","A","2019",4964.014,
"PRT","PASSTRANSP","RAIL","MLN_PKM","A","2020",2552,
"PRT","PASSTRANSP","RAIL","MLN_PKM","A","2021",2912,
"PRT","PASSTRANSP","RAIL","MLN_PKM","A","2022",4419,
"SVK","PASSTRANSP","RAIL","MLN_PKM","A","1993",4569,
"SVK","PASSTRANSP","RAIL","MLN_PKM","A","1994",4548,
"SVK","PASSTRANSP","RAIL","MLN_PKM","A","1995",4202,
"SVK","PASSTRANSP","RAIL","MLN_PKM","A","1996",3769,
"SVK","PASSTRANSP","RAIL","MLN_PKM","A","1997",3057,
"SVK","PASSTRANSP","RAIL","MLN_PKM","A","1998",3092,
"SVK","PASSTRANSP","RAIL","MLN_PKM","A","1999",2968,
"SVK","PASSTRANSP","RAIL","MLN_PKM","A","2000",2870,
"SVK","PASSTRANSP","RAIL","MLN_PKM","A","2001",2805,
"SVK","PASSTRANSP","RAIL","MLN_PKM","A","2002",2682,
"SVK","PASSTRANSP","RAIL","MLN_PKM","A","2003",2316,
"SVK","PASSTRANSP","RAIL","MLN_PKM","A","2004",2228,
"SVK","PASSTRANSP","RAIL","MLN_PKM","A","2005",2182,
"SVK","PASSTRANSP","RAIL","MLN_PKM","A","2006",2213,
"SVK","PASSTRANSP","RAIL","MLN_PKM","A","2007",2165,
"SVK","PASSTRANSP","RAIL","MLN_PKM","A","2008",2296,
"SVK","PASSTRANSP","RAIL","MLN_PKM","A","2009",2264,
"SVK","PASSTRANSP","RAIL","MLN_PKM","A","2010",2309,
"SVK","PASSTRANSP","RAIL","MLN_PKM","A","2011",2431,
"SVK","PASSTRANSP","RAIL","MLN_PKM","A","2012",2459,
"SVK","PASSTRANSP","RAIL","MLN_PKM","A","2013",2485,
"SVK","PASSTRANSP","RAIL","MLN_PKM","A","2014",2583,
"SVK","PASSTRANSP","RAIL","MLN_PKM","A","2015",3411,
"SVK","PASSTRANSP","RAIL","MLN_PKM","A","2016",3595,
"SVK","PASSTRANSP","RAIL","MLN_PKM","A","2017",3873,
"SVK","PASSTRANSP","RAIL","MLN_PKM","A","2018",3915,
"SVK","PASSTRANSP","RAIL","MLN_PKM","A","2019",4093,
"SVK","PASSTRANSP","RAIL","MLN_PKM","A","2020",2180,
"SVK","PASSTRANSP","RAIL","MLN_PKM","A","2021",2052,
"SVK","PASSTRANSP","RAIL","MLN_PKM","A","2022",3354,
"ESP","PASSTRANSP","RAIL","MLN_PKM","A","1970",14992,
"ESP","PASSTRANSP","RAIL","MLN_PKM","A","1971",15118,
"ESP","PASSTRANSP","RAIL","MLN_PKM","A","1972",16034,
"ESP","PASSTRANSP","RAIL","MLN_PKM","A","1973",17250,
"ESP","PASSTRANSP","RAIL","MLN_PKM","A","1974",17673,
"ESP","PASSTRANSP","RAIL","MLN_PKM","A","1975",17643,
"ESP","PASSTRANSP","RAIL","MLN_PKM","A","1976",18183,
"ESP","PASSTRANSP","RAIL","MLN_PKM","A","1977",18643,
"ESP","PASSTRANSP","RAIL","MLN_PKM","A","1978",18092,
"ESP","PASSTRANSP","RAIL","MLN_PKM","A","1979",17151,
"ESP","PASSTRANSP","RAIL","MLN_PKM","A","1980",14825,
"ESP","PASSTRANSP","RAIL","MLN_PKM","A","1981",15511,
"ESP","PASSTRANSP","RAIL","MLN_PKM","A","1982",15923,
"ESP","PASSTRANSP","RAIL","MLN_PKM","A","1983",16237,
"ESP","PASSTRANSP","RAIL","MLN_PKM","A","1984",16664,
"ESP","PASSTRANSP","RAIL","MLN_PKM","A","1985",17231,
"ESP","PASSTRANSP","RAIL","MLN_PKM","A","1986",16866,
"ESP","PASSTRANSP","RAIL","MLN_PKM","A","1987",16601,
"ESP","PASSTRANSP","RAIL","MLN_PKM","A","1988",16959,
"ESP","PASSTRANSP","RAIL","MLN_PKM","A","1989",15999,
"ESP","PASSTRANSP","RAIL","MLN_PKM","A","1990",16733,
"ESP","PASSTRANSP","RAIL","MLN_PKM","A","1991",16357,
"ESP","PASSTRANSP","RAIL","MLN_PKM","A","1992",17422,
"ESP","PASSTRANSP","RAIL","MLN_PKM","A","1993",16486,
"ESP","PASSTRANSP","RAIL","MLN_PKM","A","1994",16139,
"ESP","PASSTRANSP","RAIL","MLN_PKM","A","1995",16594,
"ESP","PASSTRANSP","RAIL","MLN_PKM","A","1996",16800,
"ESP","PASSTRANSP","RAIL","MLN_PKM","A","1997",17878,
"ESP","PASSTRANSP","RAIL","MLN_PKM","A","1998",18869,
"ESP","PASSTRANSP","RAIL","MLN_PKM","A","1999",19655,
"ESP","PASSTRANSP","RAIL","MLN_PKM","A","2000",20144,
"ESP","PASSTRANSP","RAIL","MLN_PKM","A","2001",20828,
"ESP","PASSTRANSP","RAIL","MLN_PKM","A","2002",21211,
"ESP","PASSTRANSP","RAIL","MLN_PKM","A","2003",21127,
"ESP","PASSTRANSP","RAIL","MLN_PKM","A","2004",20386,
"ESP","PASSTRANSP","RAIL","MLN_PKM","A","2005",21624,
"ESP","PASSTRANSP","RAIL","MLN_PKM","A","2006",22105,
"ESP","PASSTRANSP","RAIL","MLN_PKM","A","2007",21857,
"ESP","PASSTRANSP","RAIL","MLN_PKM","A","2008",23969,
"ESP","PASSTRANSP","RAIL","MLN_PKM","A","2009",23137,
"ESP","PASSTRANSP","RAIL","MLN_PKM","A","2010",22456,
"ESP","PASSTRANSP","RAIL","MLN_PKM","A","2011",22795,
"ESP","PASSTRANSP","RAIL","MLN_PKM","A","2012",22476,
"ESP","PASSTRANSP","RAIL","MLN_PKM","A","2013",23788,
"ESP","PASSTRANSP","RAIL","MLN_PKM","A","2014",25072,
"ESP","PASSTRANSP","RAIL","MLN_PKM","A","2015",26142,
"ESP","PASSTRANSP","RAIL","MLN_PKM","A","2016",26670,
"ESP","PASSTRANSP","RAIL","MLN_PKM","A","2017",27487,
"ESP","PASSTRANSP","RAIL","MLN_PKM","A","2018",28434,
"ESP","PASSTRANSP","RAIL","MLN_PKM","A","2019",28835,
"ESP","PASSTRANSP","RAIL","MLN_PKM","A","2020",11981.57,
"ESP","PASSTRANSP","RAIL","MLN_PKM","A","2021",17477.16,
"SWE","PASSTRANSP","RAIL","MLN_PKM","A","1970",4600,
"SWE","PASSTRANSP","RAIL","MLN_PKM","A","1971",4000,
"SWE","PASSTRANSP","RAIL","MLN_PKM","A","1972",4500,
"SWE","PASSTRANSP","RAIL","MLN_PKM","A","1973",4600,
"SWE","PASSTRANSP","RAIL","MLN_PKM","A","1974",5500,
"SWE","PASSTRANSP","RAIL","MLN_PKM","A","1975",5615,
"SWE","PASSTRANSP","RAIL","MLN_PKM","A","1976",5617,
"SWE","PASSTRANSP","RAIL","MLN_PKM","A","1977",5563,
"SWE","PASSTRANSP","RAIL","MLN_PKM","A","1978",5557,
"SWE","PASSTRANSP","RAIL","MLN_PKM","A","1979",6224,
"SWE","PASSTRANSP","RAIL","MLN_PKM","A","1980",6998,
"SWE","PASSTRANSP","RAIL","MLN_PKM","A","1981",7062,
"SWE","PASSTRANSP","RAIL","MLN_PKM","A","1982",6695,
"SWE","PASSTRANSP","RAIL","MLN_PKM","A","1983",6776,
"SWE","PASSTRANSP","RAIL","MLN_PKM","A","1984",6797,
"SWE","PASSTRANSP","RAIL","MLN_PKM","A","1985",6911,
"SWE","PASSTRANSP","RAIL","MLN_PKM","A","1986",6571,
"SWE","PASSTRANSP","RAIL","MLN_PKM","A","1987",6433,
"SWE","PASSTRANSP","RAIL","MLN_PKM","A","1988",6669,
"SWE","PASSTRANSP","RAIL","MLN_PKM","A","1989",6647,
"SWE","PASSTRANSP","RAIL","MLN_PKM","A","1990",6600,
"SWE","PASSTRANSP","RAIL","MLN_PKM","A","1991",5985,
"SWE","PASSTRANSP","RAIL","MLN_PKM","A","1992",5963,
"SWE","PASSTRANSP","RAIL","MLN_PKM","A","1993",6422,
"SWE","PASSTRANSP","RAIL","MLN_PKM","A","1994",6507,
"SWE","PASSTRANSP","RAIL","MLN_PKM","A","1995",6833,
"SWE","PASSTRANSP","RAIL","MLN_PKM","A","1996",6953,
"SWE","PASSTRANSP","RAIL","MLN_PKM","A","1997",7022,
"SWE","PASSTRANSP","RAIL","MLN_PKM","A","1998",7210,
"SWE","PASSTRANSP","RAIL","MLN_PKM","A","1999",7701,
"SWE","PASSTRANSP","RAIL","MLN_PKM","A","2000",8243,
"SWE","PASSTRANSP","RAIL","MLN_PKM","A","2001",8732,
"SWE","PASSTRANSP","RAIL","MLN_PKM","A","2002",8874,
"SWE","PASSTRANSP","RAIL","MLN_PKM","A","2003",8834,
"SWE","PASSTRANSP","RAIL","MLN_PKM","A","2004",8658,
"SWE","PASSTRANSP","RAIL","MLN_PKM","A","2005",8936,
"SWE","PASSTRANSP","RAIL","MLN_PKM","A","2006",9617,
"SWE","PASSTRANSP","RAIL","MLN_PKM","A","2007",10261,
"SWE","PASSTRANSP","RAIL","MLN_PKM","A","2008",11146,
"SWE","PASSTRANSP","RAIL","MLN_PKM","A","2009",11321,
"SWE","PASSTRANSP","RAIL","MLN_PKM","A","2010",11155,
"SWE","PASSTRANSP","RAIL","MLN_PKM","A","2011",11378,
"SWE","PASSTRANSP","RAIL","MLN_PKM","A","2012",11792,
"SWE","PASSTRANSP","RAIL","MLN_PKM","A","2013",11842,
"SWE","PASSTRANSP","RAIL","MLN_PKM","A","2014",12121,
"SWE","PASSTRANSP","RAIL","MLN_PKM","A","2015",12650,
"SWE","PASSTRANSP","RAIL","MLN_PKM","A","2016",12800,
"SWE","PASSTRANSP","RAIL","MLN_PKM","A","2017",13331,
"SWE","PASSTRANSP","RAIL","MLN_PKM","A","2018",13546.798247255,
"SWE","PASSTRANSP","RAIL","MLN_PKM","A","2019",14617.207234121,
"SWE","PASSTRANSP","RAIL","MLN_PKM","A","2020",8129,
"SWE","PASSTRANSP","RAIL","MLN_PKM","A","2021",8027,
"SWE","PASSTRANSP","RAIL","MLN_PKM","A","2022",12879,
"BGR","PASSTRANSP","RAIL","MLN_PKM","A","1970",6223,
"BGR","PASSTRANSP","RAIL","MLN_PKM","A","1971",6223,
"BGR","PASSTRANSP","RAIL","MLN_PKM","A","1972",6700,
"BGR","PASSTRANSP","RAIL","MLN_PKM","A","1973",7071,
"BGR","PASSTRANSP","RAIL","MLN_PKM","A","1974",7453,
"BGR","PASSTRANSP","RAIL","MLN_PKM","A","1975",7569,
"BGR","PASSTRANSP","RAIL","MLN_PKM","A","1976",7499,
"BGR","PASSTRANSP","RAIL","MLN_PKM","A","1977",7343,
"BGR","PASSTRANSP","RAIL","MLN_PKM","A","1978",6710,
"BGR","PASSTRANSP","RAIL","MLN_PKM","A","1979",6847,
"BGR","PASSTRANSP","RAIL","MLN_PKM","A","1980",7055,
"BGR","PASSTRANSP","RAIL","MLN_PKM","A","1981",6962,
"BGR","PASSTRANSP","RAIL","MLN_PKM","A","1982",7092,
"BGR","PASSTRANSP","RAIL","MLN_PKM","A","1983",7255,
"BGR","PASSTRANSP","RAIL","MLN_PKM","A","1984",7538,
"BGR","PASSTRANSP","RAIL","MLN_PKM","A","1985",7785,
"BGR","PASSTRANSP","RAIL","MLN_PKM","A","1986",8004,
"BGR","PASSTRANSP","RAIL","MLN_PKM","A","1987",8075,
"BGR","PASSTRANSP","RAIL","MLN_PKM","A","1988",8143,
"BGR","PASSTRANSP","RAIL","MLN_PKM","A","1989",7601,
"BGR","PASSTRANSP","RAIL","MLN_PKM","A","1990",7793,
"BGR","PASSTRANSP","RAIL","MLN_PKM","A","1991",4866,
"BGR","PASSTRANSP","RAIL","MLN_PKM","A","1992",5393,
"BGR","PASSTRANSP","RAIL","MLN_PKM","A","1993",5837,
"BGR","PASSTRANSP","RAIL","MLN_PKM","A","1994",5059,
"BGR","PASSTRANSP","RAIL","MLN_PKM","A","1995",4693,
"BGR","PASSTRANSP","RAIL","MLN_PKM","A","1996",5065,
"BGR","PASSTRANSP","RAIL","MLN_PKM","A","1997",5886,
"BGR","PASSTRANSP","RAIL","MLN_PKM","A","1998",4740,
"BGR","PASSTRANSP","RAIL","MLN_PKM","A","1999",3819,
"BGR","PASSTRANSP","RAIL","MLN_PKM","A","2000",3472,
"BGR","PASSTRANSP","RAIL","MLN_PKM","A","2001",2990,
"BGR","PASSTRANSP","RAIL","MLN_PKM","A","2002",2598,
"BGR","PASSTRANSP","RAIL","MLN_PKM","A","2003",2517,
"BGR","PASSTRANSP","RAIL","MLN_PKM","A","2004",2404,
"BGR","PASSTRANSP","RAIL","MLN_PKM","A","2005",2389,
"BGR","PASSTRANSP","RAIL","MLN_PKM","A","2006",2422,
"BGR","PASSTRANSP","RAIL","MLN_PKM","A","2007",2424,
"BGR","PASSTRANSP","RAIL","MLN_PKM","A","2008",2335,
"BGR","PASSTRANSP","RAIL","MLN_PKM","A","2009",2144,
"BGR","PASSTRANSP","RAIL","MLN_PKM","A","2010",2100,
"BGR","PASSTRANSP","RAIL","MLN_PKM","A","2011",2068,
"BGR","PASSTRANSP","RAIL","MLN_PKM","A","2012",1876,
"BGR","PASSTRANSP","RAIL","MLN_PKM","A","2013",1826,
"BGR","PASSTRANSP","RAIL","MLN_PKM","A","2014",1702,
"BGR","PASSTRANSP","RAIL","MLN_PKM","A","2015",1552,
"BGR","PASSTRANSP","RAIL","MLN_PKM","A","2016",1458,
"BGR","PASSTRANSP","RAIL","MLN_PKM","A","2017",1438,
"BGR","PASSTRANSP","RAIL","MLN_PKM","A","2018",1479,
"BGR","PASSTRANSP","RAIL","MLN_PKM","A","2019",1524,
"BGR","PASSTRANSP","RAIL","MLN_PKM","A","2020",1119,
"BGR","PASSTRANSP","RAIL","MLN_PKM","A","2021",1205,
"BGR","PASSTRANSP","RAIL","MLN_PKM","A","2022",1603,
"HRV","PASSTRANSP","RAIL","MLN_PKM","A","1970",3732,
"HRV","PASSTRANSP","RAIL","MLN_PKM","A","1971",3628,
"HRV","PASSTRANSP","RAIL","MLN_PKM","A","1972",3731,
"HRV","PASSTRANSP","RAIL","MLN_PKM","A","1973",3609,
"HRV","PASSTRANSP","RAIL","MLN_PKM","A","1974",3528,
"HRV","PASSTRANSP","RAIL","MLN_PKM","A","1975",3505,
"HRV","PASSTRANSP","RAIL","MLN_PKM","A","1976",3370,
"HRV","PASSTRANSP","RAIL","MLN_PKM","A","1977",3533,
"HRV","PASSTRANSP","RAIL","MLN_PKM","A","1978",3574,
"HRV","PASSTRANSP","RAIL","MLN_PKM","A","1979",3553,
"HRV","PASSTRANSP","RAIL","MLN_PKM","A","1980",3619,
"HRV","PASSTRANSP","RAIL","MLN_PKM","A","1981",3682,
"HRV","PASSTRANSP","RAIL","MLN_PKM","A","1982",3868,
"HRV","PASSTRANSP","RAIL","MLN_PKM","A","1983",3896,
"HRV","PASSTRANSP","RAIL","MLN_PKM","A","1984",4003,
"HRV","PASSTRANSP","RAIL","MLN_PKM","A","1985",4063,
"HRV","PASSTRANSP","RAIL","MLN_PKM","A","1986",4086,
"HRV","PASSTRANSP","RAIL","MLN_PKM","A","1987",3917,
"HRV","PASSTRANSP","RAIL","MLN_PKM","A","1988",3833,
"HRV","PASSTRANSP","RAIL","MLN_PKM","A","1989",3665,
"HRV","PASSTRANSP","RAIL","MLN_PKM","A","1990",3429,
"HRV","PASSTRANSP","RAIL","MLN_PKM","A","1991",1503,
"HRV","PASSTRANSP","RAIL","MLN_PKM","A","1992",981,
"HRV","PASSTRANSP","RAIL","MLN_PKM","A","1993",1094,
"HRV","PASSTRANSP","RAIL","MLN_PKM","A","1994",1182,
"HRV","PASSTRANSP","RAIL","MLN_PKM","A","1995",1139,
"HRV","PASSTRANSP","RAIL","MLN_PKM","A","1996",1205,
"HRV","PASSTRANSP","RAIL","MLN_PKM","A","1997",1158,
"HRV","PASSTRANSP","RAIL","MLN_PKM","A","1998",1092,
"HRV","PASSTRANSP","RAIL","MLN_PKM","A","1999",1137,
"HRV","PASSTRANSP","RAIL","MLN_PKM","A","2000",1252,
"HRV","PASSTRANSP","RAIL","MLN_PKM","A","2001",1241,
"HRV","PASSTRANSP","RAIL","MLN_PKM","A","2002",1195,
"HRV","PASSTRANSP","RAIL","MLN_PKM","A","2003",1163,
"HRV","PASSTRANSP","RAIL","MLN_PKM","A","2004",1213,
"HRV","PASSTRANSP","RAIL","MLN_PKM","A","2005",1266,
"HRV","PASSTRANSP","RAIL","MLN_PKM","A","2006",1362,
"HRV","PASSTRANSP","RAIL","MLN_PKM","A","2007",1611,
"HRV","PASSTRANSP","RAIL","MLN_PKM","A","2008",1810,
"HRV","PASSTRANSP","RAIL","MLN_PKM","A","2009",1835,
"HRV","PASSTRANSP","RAIL","MLN_PKM","A","2010",1742,
"HRV","PASSTRANSP","RAIL","MLN_PKM","A","2011",1486,
"HRV","PASSTRANSP","RAIL","MLN_PKM","A","2012",1104,
"HRV","PASSTRANSP","RAIL","MLN_PKM","A","2013",948,
"HRV","PASSTRANSP","RAIL","MLN_PKM","A","2014",927,
"HRV","PASSTRANSP","RAIL","MLN_PKM","A","2015",951,
"HRV","PASSTRANSP","RAIL","MLN_PKM","A","2016",836,
"HRV","PASSTRANSP","RAIL","MLN_PKM","A","2017",745,
"HRV","PASSTRANSP","RAIL","MLN_PKM","A","2018",756,
"HRV","PASSTRANSP","RAIL","MLN_PKM","A","2019",734,
"HRV","PASSTRANSP","RAIL","MLN_PKM","A","2020",449,
"HRV","PASSTRANSP","RAIL","MLN_PKM","A","2021",540,
"HRV","PASSTRANSP","RAIL","MLN_PKM","A","2022",815,
"EST","PASSTRANSP","RAIL","MLN_PKM","A","1970",1254,
"EST","PASSTRANSP","RAIL","MLN_PKM","A","1971",1305,
"EST","PASSTRANSP","RAIL","MLN_PKM","A","1972",1370,
"EST","PASSTRANSP","RAIL","MLN_PKM","A","1973",1375,
"EST","PASSTRANSP","RAIL","MLN_PKM","A","1974",1381,
"EST","PASSTRANSP","RAIL","MLN_PKM","A","1975",1416,
"EST","PASSTRANSP","RAIL","MLN_PKM","A","1976",1441,
"EST","PASSTRANSP","RAIL","MLN_PKM","A","1977",1486,
"EST","PASSTRANSP","RAIL","MLN_PKM","A","1978",1544,
"EST","PASSTRANSP","RAIL","MLN_PKM","A","1979",1557,
"EST","PASSTRANSP","RAIL","MLN_PKM","A","1980",1582,
"EST","PASSTRANSP","RAIL","MLN_PKM","A","1981",1593,
"EST","PASSTRANSP","RAIL","MLN_PKM","A","1982",1580,
"EST","PASSTRANSP","RAIL","MLN_PKM","A","1983",1649,
"EST","PASSTRANSP","RAIL","MLN_PKM","A","1984",1672,
"EST","PASSTRANSP","RAIL","MLN_PKM","A","1985",1649,
"EST","PASSTRANSP","RAIL","MLN_PKM","A","1986",1721,
"EST","PASSTRANSP","RAIL","MLN_PKM","A","1987",1764,
"EST","PASSTRANSP","RAIL","MLN_PKM","A","1988",1722,
"EST","PASSTRANSP","RAIL","MLN_PKM","A","1989",1562,
"EST","PASSTRANSP","RAIL","MLN_PKM","A","1990",1510,
"EST","PASSTRANSP","RAIL","MLN_PKM","A","1991",1273,
"EST","PASSTRANSP","RAIL","MLN_PKM","A","1992",950,
"EST","PASSTRANSP","RAIL","MLN_PKM","A","1993",722,
"EST","PASSTRANSP","RAIL","MLN_PKM","A","1994",537,
"EST","PASSTRANSP","RAIL","MLN_PKM","A","1995",421,
"EST","PASSTRANSP","RAIL","MLN_PKM","A","1996",309,
"EST","PASSTRANSP","RAIL","MLN_PKM","A","1997",262,
"EST","PASSTRANSP","RAIL","MLN_PKM","A","1998",236,
"EST","PASSTRANSP","RAIL","MLN_PKM","A","1999",238,
"EST","PASSTRANSP","RAIL","MLN_PKM","A","2000",263,
"EST","PASSTRANSP","RAIL","MLN_PKM","A","2001",182,
"EST","PASSTRANSP","RAIL","MLN_PKM","A","2002",178,
"EST","PASSTRANSP","RAIL","MLN_PKM","A","2003",181,
"EST","PASSTRANSP","RAIL","MLN_PKM","A","2004",192,
"EST","PASSTRANSP","RAIL","MLN_PKM","A","2005",247,
"EST","PASSTRANSP","RAIL","MLN_PKM","A","2006",256,
"EST","PASSTRANSP","RAIL","MLN_PKM","A","2007",272,
"EST","PASSTRANSP","RAIL","MLN_PKM","A","2008",274,
"EST","PASSTRANSP","RAIL","MLN_PKM","A","2009",249,
"EST","PASSTRANSP","RAIL","MLN_PKM","A","2010",248,
"EST","PASSTRANSP","RAIL","MLN_PKM","A","2011",241,
"EST","PASSTRANSP","RAIL","MLN_PKM","A","2012",236,
"EST","PASSTRANSP","RAIL","MLN_PKM","A","2013",225,
"EST","PASSTRANSP","RAIL","MLN_PKM","A","2014",282,
"EST","PASSTRANSP","RAIL","MLN_PKM","A","2015",289,
"EST","PASSTRANSP","RAIL","MLN_PKM","A","2016",316,
"EST","PASSTRANSP","RAIL","MLN_PKM","A","2017",367,
"EST","PASSTRANSP","RAIL","MLN_PKM","A","2018",417,
"EST","PASSTRANSP","RAIL","MLN_PKM","A","2019",392,
"EST","PASSTRANSP","RAIL","MLN_PKM","A","2020",263,
"EST","PASSTRANSP","RAIL","MLN_PKM","A","2021",290,
"EST","PASSTRANSP","RAIL","MLN_PKM","A","2022",382,
"LVA","PASSTRANSP","RAIL","MLN_PKM","A","1970",3817,
"LVA","PASSTRANSP","RAIL","MLN_PKM","A","1971",3891,
"LVA","PASSTRANSP","RAIL","MLN_PKM","A","1972",3953,
"LVA","PASSTRANSP","RAIL","MLN_PKM","A","1973",4060,
"LVA","PASSTRANSP","RAIL","MLN_PKM","A","1974",4112,
"LVA","PASSTRANSP","RAIL","MLN_PKM","A","1975",4449,
"LVA","PASSTRANSP","RAIL","MLN_PKM","A","1976",4411,
"LVA","PASSTRANSP","RAIL","MLN_PKM","A","1977",4460,
"LVA","PASSTRANSP","RAIL","MLN_PKM","A","1978",4607,
"LVA","PASSTRANSP","RAIL","MLN_PKM","A","1979",4657,
"LVA","PASSTRANSP","RAIL","MLN_PKM","A","1980",4774,
"LVA","PASSTRANSP","RAIL","MLN_PKM","A","1981",4880,
"LVA","PASSTRANSP","RAIL","MLN_PKM","A","1982",4978,
"LVA","PASSTRANSP","RAIL","MLN_PKM","A","1983",5149,
"LVA","PASSTRANSP","RAIL","MLN_PKM","A","1984",5310,
"LVA","PASSTRANSP","RAIL","MLN_PKM","A","1985",5214,
"LVA","PASSTRANSP","RAIL","MLN_PKM","A","1986",5573,
"LVA","PASSTRANSP","RAIL","MLN_PKM","A","1987",5673,
"LVA","PASSTRANSP","RAIL","MLN_PKM","A","1988",5761,
"LVA","PASSTRANSP","RAIL","MLN_PKM","A","1989",5449,
"LVA","PASSTRANSP","RAIL","MLN_PKM","A","1990",5366,
"LVA","PASSTRANSP","RAIL","MLN_PKM","A","1991",3930,
"LVA","PASSTRANSP","RAIL","MLN_PKM","A","1992",3656,
"LVA","PASSTRANSP","RAIL","MLN_PKM","A","1993",2359,
"LVA","PASSTRANSP","RAIL","MLN_PKM","A","1994",1794,
"LVA","PASSTRANSP","RAIL","MLN_PKM","A","1995",1373,
"LVA","PASSTRANSP","RAIL","MLN_PKM","A","1996",1182,
"LVA","PASSTRANSP","RAIL","MLN_PKM","A","1997",1148,
"LVA","PASSTRANSP","RAIL","MLN_PKM","A","1998",1059,
"LVA","PASSTRANSP","RAIL","MLN_PKM","A","1999",984,
"LVA","PASSTRANSP","RAIL","MLN_PKM","A","2000",715,
"LVA","PASSTRANSP","RAIL","MLN_PKM","A","2001",706,
"LVA","PASSTRANSP","RAIL","MLN_PKM","A","2002",744,
"LVA","PASSTRANSP","RAIL","MLN_PKM","A","2003",762,
"LVA","PASSTRANSP","RAIL","MLN_PKM","A","2004",811,
"LVA","PASSTRANSP","RAIL","MLN_PKM","A","2005",894,
"LVA","PASSTRANSP","RAIL","MLN_PKM","A","2006",992,
"LVA","PASSTRANSP","RAIL","MLN_PKM","A","2007",983,
"LVA","PASSTRANSP","RAIL","MLN_PKM","A","2008",951,
"LVA","PASSTRANSP","RAIL","MLN_PKM","A","2009",756,
"LVA","PASSTRANSP","RAIL","MLN_PKM","A","2010",749,
"LVA","PASSTRANSP","RAIL","MLN_PKM","A","2011",741,
"LVA","PASSTRANSP","RAIL","MLN_PKM","A","2012",725,
"LVA","PASSTRANSP","RAIL","MLN_PKM","A","2013",729,
"LVA","PASSTRANSP","RAIL","MLN_PKM","A","2014",649,
"LVA","PASSTRANSP","RAIL","MLN_PKM","A","2015",591,
"LVA","PASSTRANSP","RAIL","MLN_PKM","A","2016",584,
"LVA","PASSTRANSP","RAIL","MLN_PKM","A","2017",596,
"LVA","PASSTRANSP","RAIL","MLN_PKM","A","2018",624,
"LVA","PASSTRANSP","RAIL","MLN_PKM","A","2019",643,
"LVA","PASSTRANSP","RAIL","MLN_PKM","A","2020",413,
"LVA","PASSTRANSP","RAIL","MLN_PKM","A","2021",360.8,
"LVA","PASSTRANSP","RAIL","MLN_PKM","A","2022",541,
"LTU","PASSTRANSP","RAIL","MLN_PKM","A","1970",2132,
"LTU","PASSTRANSP","RAIL","MLN_PKM","A","1971",2285,
"LTU","PASSTRANSP","RAIL","MLN_PKM","A","1972",2421,
"LTU","PASSTRANSP","RAIL","MLN_PKM","A","1973",2477,
"LTU","PASSTRANSP","RAIL","MLN_PKM","A","1974",2537,
"LTU","PASSTRANSP","RAIL","MLN_PKM","A","1975",2594,
"LTU","PASSTRANSP","RAIL","MLN_PKM","A","1976",2711,
"LTU","PASSTRANSP","RAIL","MLN_PKM","A","1977",2943,
"LTU","PASSTRANSP","RAIL","MLN_PKM","A","1978",3072,
"LTU","PASSTRANSP","RAIL","MLN_PKM","A","1979",3168,
"LTU","PASSTRANSP","RAIL","MLN_PKM","A","1980",3258,
"LTU","PASSTRANSP","RAIL","MLN_PKM","A","1981",3314,
"LTU","PASSTRANSP","RAIL","MLN_PKM","A","1982",3324,
"LTU","PASSTRANSP","RAIL","MLN_PKM","A","1983",3331,
"LTU","PASSTRANSP","RAIL","MLN_PKM","A","1984",3377,
"LTU","PASSTRANSP","RAIL","MLN_PKM","A","1985",3417,
"LTU","PASSTRANSP","RAIL","MLN_PKM","A","1986",3494,
"LTU","PASSTRANSP","RAIL","MLN_PKM","A","1987",3565,
"LTU","PASSTRANSP","RAIL","MLN_PKM","A","1988",3665,
"LTU","PASSTRANSP","RAIL","MLN_PKM","A","1989",3470,
"LTU","PASSTRANSP","RAIL","MLN_PKM","A","1990",3640,
"LTU","PASSTRANSP","RAIL","MLN_PKM","A","1991",3225,
"LTU","PASSTRANSP","RAIL","MLN_PKM","A","1992",2740,
"LTU","PASSTRANSP","RAIL","MLN_PKM","A","1993",2700,
"LTU","PASSTRANSP","RAIL","MLN_PKM","A","1994",1574,
"LTU","PASSTRANSP","RAIL","MLN_PKM","A","1995",1130,
"LTU","PASSTRANSP","RAIL","MLN_PKM","A","1996",954,
"LTU","PASSTRANSP","RAIL","MLN_PKM","A","1997",842,
"LTU","PASSTRANSP","RAIL","MLN_PKM","A","1998",800,
"LTU","PASSTRANSP","RAIL","MLN_PKM","A","1999",745,
"LTU","PASSTRANSP","RAIL","MLN_PKM","A","2000",611,
"LTU","PASSTRANSP","RAIL","MLN_PKM","A","2001",533,
"LTU","PASSTRANSP","RAIL","MLN_PKM","A","2002",498,
"LTU","PASSTRANSP","RAIL","MLN_PKM","A","2003",432,
"LTU","PASSTRANSP","RAIL","MLN_PKM","A","2004",443,
"LTU","PASSTRANSP","RAIL","MLN_PKM","A","2005",428,
"LTU","PASSTRANSP","RAIL","MLN_PKM","A","2006",431,
"LTU","PASSTRANSP","RAIL","MLN_PKM","A","2007",409,
"LTU","PASSTRANSP","RAIL","MLN_PKM","A","2008",398,
"LTU","PASSTRANSP","RAIL","MLN_PKM","A","2009",357,
"LTU","PASSTRANSP","RAIL","MLN_PKM","A","2010",373,
"LTU","PASSTRANSP","RAIL","MLN_PKM","A","2011",389,
"LTU","PASSTRANSP","RAIL","MLN_PKM","A","2012",403,
"LTU","PASSTRANSP","RAIL","MLN_PKM","A","2013",391,
"LTU","PASSTRANSP","RAIL","MLN_PKM","A","2014",373,
"LTU","PASSTRANSP","RAIL","MLN_PKM","A","2015",361,
"LTU","PASSTRANSP","RAIL","MLN_PKM","A","2016",396,
"LTU","PASSTRANSP","RAIL","MLN_PKM","A","2017",424,
"LTU","PASSTRANSP","RAIL","MLN_PKM","A","2018",468,
"LTU","PASSTRANSP","RAIL","MLN_PKM","A","2019",479,
"LTU","PASSTRANSP","RAIL","MLN_PKM","A","2020",260,
"LTU","PASSTRANSP","RAIL","MLN_PKM","A","2021",329,
"LTU","PASSTRANSP","RAIL","MLN_PKM","A","2022",433,
"MLT","PASSTRANSP","RAIL","MLN_PKM","A","1970",,"M"
"MLT","PASSTRANSP","RAIL","MLN_PKM","A","1971",,"M"
"MLT","PASSTRANSP","RAIL","MLN_PKM","A","1972",,"M"
"MLT","PASSTRANSP","RAIL","MLN_PKM","A","1973",,"M"
"MLT","PASSTRANSP","RAIL","MLN_PKM","A","1974",,"M"
"MLT","PASSTRANSP","RAIL","MLN_PKM","A","1975",,"M"
"MLT","PASSTRANSP","RAIL","MLN_PKM","A","1976",,"M"
"MLT","PASSTRANSP","RAIL","MLN_PKM","A","1977",,"M"
"MLT","PASSTRANSP","RAIL","MLN_PKM","A","1978",,"M"
"MLT","PASSTRANSP","RAIL","MLN_PKM","A","1979",,"M"
"MLT","PASSTRANSP","RAIL","MLN_PKM","A","1980",,"M"
"MLT","PASSTRANSP","RAIL","MLN_PKM","A","1981",,"M"
"MLT","PASSTRANSP","RAIL","MLN_PKM","A","1982",,"M"
"MLT","PASSTRANSP","RAIL","MLN_PKM","A","1983",,"M"
"MLT","PASSTRANSP","RAIL","MLN_PKM","A","1984",,"M"
"MLT","PASSTRANSP","RAIL","MLN_PKM","A","1985",,"M"
"MLT","PASSTRANSP","RAIL","MLN_PKM","A","1986",,"M"
"MLT","PASSTRANSP","RAIL","MLN_PKM","A","1987",,"M"
"MLT","PASSTRANSP","RAIL","MLN_PKM","A","1988",,"M"
"MLT","PASSTRANSP","RAIL","MLN_PKM","A","1989",,"M"
"MLT","PASSTRANSP","RAIL","MLN_PKM","A","1990",,"M"
"MLT","PASSTRANSP","RAIL","MLN_PKM","A","1991",,"M"
"MLT","PASSTRANSP","RAIL","MLN_PKM","A","1992",,"M"
"MLT","PASSTRANSP","RAIL","MLN_PKM","A","1993",,"M"
"MLT","PASSTRANSP","RAIL","MLN_PKM","A","1994",,"M"
"MLT","PASSTRANSP","RAIL","MLN_PKM","A","1995",,"M"
"MLT","PASSTRANSP","RAIL","MLN_PKM","A","1996",,"M"
"MLT","PASSTRANSP","RAIL","MLN_PKM","A","1997",,"M"
"MLT","PASSTRANSP","RAIL","MLN_PKM","A","1998",,"M"
"MLT","PASSTRANSP","RAIL","MLN_PKM","A","1999",,"M"
"MLT","PASSTRANSP","RAIL","MLN_PKM","A","2000",,"M"
"MLT","PASSTRANSP","RAIL","MLN_PKM","A","2001",,"M"
"MLT","PASSTRANSP","RAIL","MLN_PKM","A","2002",,"M"
"MLT","PASSTRANSP","RAIL","MLN_PKM","A","2003",,"M"
"MLT","PASSTRANSP","RAIL","MLN_PKM","A","2004",,"M"
"MLT","PASSTRANSP","RAIL","MLN_PKM","A","2005",,"M"
"MLT","PASSTRANSP","RAIL","MLN_PKM","A","2006",,"M"
"MLT","PASSTRANSP","RAIL","MLN_PKM","A","2007",,"M"
"MLT","PASSTRANSP","RAIL","MLN_PKM","A","2008",,"M"
"MLT","PASSTRANSP","RAIL","MLN_PKM","A","2009",,"M"
"MLT","PASSTRANSP","RAIL","MLN_PKM","A","2010",,"M"
"MLT","PASSTRANSP","RAIL","MLN_PKM","A","2011",,"M"
"MLT","PASSTRANSP","RAIL","MLN_PKM","A","2012",,"M"
"MLT","PASSTRANSP","RAIL","MLN_PKM","A","2013",,"M"
"MLT","PASSTRANSP","RAIL","MLN_PKM","A","2014",,"M"
"MLT","PASSTRANSP","RAIL","MLN_PKM","A","2015",,"M"
"MLT","PASSTRANSP","RAIL","MLN_PKM","A","2016",,"M"
"MLT","PASSTRANSP","RAIL","MLN_PKM","A","2017",,"M"
"MLT","PASSTRANSP","RAIL","MLN_PKM","A","2018",,"M"
"MLT","PASSTRANSP","RAIL","MLN_PKM","A","2019",,"M"
"ROU","PASSTRANSP","RAIL","MLN_PKM","A","1970",17793,
"ROU","PASSTRANSP","RAIL","MLN_PKM","A","1971",18811,
"ROU","PASSTRANSP","RAIL","MLN_PKM","A","1972",20184,
"ROU","PASSTRANSP","RAIL","MLN_PKM","A","1973",21228,
"ROU","PASSTRANSP","RAIL","MLN_PKM","A","1974",22406,
"ROU","PASSTRANSP","RAIL","MLN_PKM","A","1975",22380,
"ROU","PASSTRANSP","RAIL","MLN_PKM","A","1976",23077,
"ROU","PASSTRANSP","RAIL","MLN_PKM","A","1977",23206,
"ROU","PASSTRANSP","RAIL","MLN_PKM","A","1978",22811,
"ROU","PASSTRANSP","RAIL","MLN_PKM","A","1979",22724,
"ROU","PASSTRANSP","RAIL","MLN_PKM","A","1980",23220,
"ROU","PASSTRANSP","RAIL","MLN_PKM","A","1981",24379,
"ROU","PASSTRANSP","RAIL","MLN_PKM","A","1982",25578,
"ROU","PASSTRANSP","RAIL","MLN_PKM","A","1983",27676,
"ROU","PASSTRANSP","RAIL","MLN_PKM","A","1984",28785,
"ROU","PASSTRANSP","RAIL","MLN_PKM","A","1985",31082,
"ROU","PASSTRANSP","RAIL","MLN_PKM","A","1986",32304,
"ROU","PASSTRANSP","RAIL","MLN_PKM","A","1987",33520,
"ROU","PASSTRANSP","RAIL","MLN_PKM","A","1988",34643,
"ROU","PASSTRANSP","RAIL","MLN_PKM","A","1989",35456,
"ROU","PASSTRANSP","RAIL","MLN_PKM","A","1990",30582,
"ROU","PASSTRANSP","RAIL","MLN_PKM","A","1991",25429,
"ROU","PASSTRANSP","RAIL","MLN_PKM","A","1992",24269,
"ROU","PASSTRANSP","RAIL","MLN_PKM","A","1993",19402,
"ROU","PASSTRANSP","RAIL","MLN_PKM","A","1994",18313,
"ROU","PASSTRANSP","RAIL","MLN_PKM","A","1995",18879,
"ROU","PASSTRANSP","RAIL","MLN_PKM","A","1996",18356,
"ROU","PASSTRANSP","RAIL","MLN_PKM","A","1997",15795,
"ROU","PASSTRANSP","RAIL","MLN_PKM","A","1998",13422,
"ROU","PASSTRANSP","RAIL","MLN_PKM","A","1999",12304,
"ROU","PASSTRANSP","RAIL","MLN_PKM","A","2000",11632,
"ROU","PASSTRANSP","RAIL","MLN_PKM","A","2001",10966,
"ROU","PASSTRANSP","RAIL","MLN_PKM","A","2002",8502,
"ROU","PASSTRANSP","RAIL","MLN_PKM","A","2003",8529,
"ROU","PASSTRANSP","RAIL","MLN_PKM","A","2004",8638,
"ROU","PASSTRANSP","RAIL","MLN_PKM","A","2005",7985,
"ROU","PASSTRANSP","RAIL","MLN_PKM","A","2006",8092,
"ROU","PASSTRANSP","RAIL","MLN_PKM","A","2007",7476,
"ROU","PASSTRANSP","RAIL","MLN_PKM","A","2008",6958,
"ROU","PASSTRANSP","RAIL","MLN_PKM","A","2009",6128,
"ROU","PASSTRANSP","RAIL","MLN_PKM","A","2010",5438,
"ROU","PASSTRANSP","RAIL","MLN_PKM","A","2011",5073,
"ROU","PASSTRANSP","RAIL","MLN_PKM","A","2012",4571,
"ROU","PASSTRANSP","RAIL","MLN_PKM","A","2013",4411,
"ROU","PASSTRANSP","RAIL","MLN_PKM","A","2014",4976,
"ROU","PASSTRANSP","RAIL","MLN_PKM","A","2015",5149,
"ROU","PASSTRANSP","RAIL","MLN_PKM","A","2016",4988,
"ROU","PASSTRANSP","RAIL","MLN_PKM","A","2017",5663,
"ROU","PASSTRANSP","RAIL","MLN_PKM","A","2018",5577,
"ROU","PASSTRANSP","RAIL","MLN_PKM","A","2019",5906,
"SVN","PASSTRANSP","RAIL","MLN_PKM","A","1970",1498,
"SVN","PASSTRANSP","RAIL","MLN_PKM","A","1971",1548,
"SVN","PASSTRANSP","RAIL","MLN_PKM","A","1972",1450,
"SVN","PASSTRANSP","RAIL","MLN_PKM","A","1973",1452,
"SVN","PASSTRANSP","RAIL","MLN_PKM","A","1974",1428,
"SVN","PASSTRANSP","RAIL","MLN_PKM","A","1975",1468,
"SVN","PASSTRANSP","RAIL","MLN_PKM","A","1976",1309,
"SVN","PASSTRANSP","RAIL","MLN_PKM","A","1977",1364,
"SVN","PASSTRANSP","RAIL","MLN_PKM","A","1978",1426,
"SVN","PASSTRANSP","RAIL","MLN_PKM","A","1979",1446,
"SVN","PASSTRANSP","RAIL","MLN_PKM","A","1980",1436,
"SVN","PASSTRANSP","RAIL","MLN_PKM","A","1981",1458,
"SVN","PASSTRANSP","RAIL","MLN_PKM","A","1982",1566,
"SVN","PASSTRANSP","RAIL","MLN_PKM","A","1983",1566,
"SVN","PASSTRANSP","RAIL","MLN_PKM","A","1984",1594,
"SVN","PASSTRANSP","RAIL","MLN_PKM","A","1985",1667,
"SVN","PASSTRANSP","RAIL","MLN_PKM","A","1986",1682,
"SVN","PASSTRANSP","RAIL","MLN_PKM","A","1987",1596,
"SVN","PASSTRANSP","RAIL","MLN_PKM","A","1988",1553,
"SVN","PASSTRANSP","RAIL","MLN_PKM","A","1989",1542,
"SVN","PASSTRANSP","RAIL","MLN_PKM","A","1990",1429,
"SVN","PASSTRANSP","RAIL","MLN_PKM","A","1991",814,
"SVN","PASSTRANSP","RAIL","MLN_PKM","A","1992",547,
"SVN","PASSTRANSP","RAIL","MLN_PKM","A","1993",566,
"SVN","PASSTRANSP","RAIL","MLN_PKM","A","1994",590,
"SVN","PASSTRANSP","RAIL","MLN_PKM","A","1995",595,
"SVN","PASSTRANSP","RAIL","MLN_PKM","A","1996",613,
"SVN","PASSTRANSP","RAIL","MLN_PKM","A","1997",616,
"SVN","PASSTRANSP","RAIL","MLN_PKM","A","1998",645,
"SVN","PASSTRANSP","RAIL","MLN_PKM","A","1999",623,
"SVN","PASSTRANSP","RAIL","MLN_PKM","A","2000",705,
"SVN","PASSTRANSP","RAIL","MLN_PKM","A","2001",715,
"SVN","PASSTRANSP","RAIL","MLN_PKM","A","2002",749,
"SVN","PASSTRANSP","RAIL","MLN_PKM","A","2003",777,
"SVN","PASSTRANSP","RAIL","MLN_PKM","A","2004",764,
"SVN","PASSTRANSP","RAIL","MLN_PKM","A","2005",777,
"SVN","PASSTRANSP","RAIL","MLN_PKM","A","2006",793,
"SVN","PASSTRANSP","RAIL","MLN_PKM","A","2007",812,
"SVN","PASSTRANSP","RAIL","MLN_PKM","A","2008",834,
"SVN","PASSTRANSP","RAIL","MLN_PKM","A","2009",840,
"SVN","PASSTRANSP","RAIL","MLN_PKM","A","2010",813,
"SVN","PASSTRANSP","RAIL","MLN_PKM","A","2011",773,
"SVN","PASSTRANSP","RAIL","MLN_PKM","A","2012",742,
"SVN","PASSTRANSP","RAIL","MLN_PKM","A","2013",760,
"SVN","PASSTRANSP","RAIL","MLN_PKM","A","2014",697,
"SVN","PASSTRANSP","RAIL","MLN_PKM","A","2015",709,
"SVN","PASSTRANSP","RAIL","MLN_PKM","A","2016",680,
"SVN","PASSTRANSP","RAIL","MLN_PKM","A","2017",650,
"SVN","PASSTRANSP","RAIL","MLN_PKM","A","2018",656,
"SVN","PASSTRANSP","RAIL","MLN_PKM","A","2019",698,
"SVN","PASSTRANSP","RAIL","MLN_PKM","A","2020",397,
"SVN","PASSTRANSP","RAIL","MLN_PKM","A","2021",542,
"SVN","PASSTRANSP","RAIL","MLN_PKM","A","2022",835,
